domain,canonical_url,category,source,selection_method,selection_timestamp
aalto.fi,https://aalto.fi,Universities,public_curated_registry,deterministic_sample_seed_42,2026-08-17T19:48:05.066232+00:00
anu.edu.au,https://anu.edu.au,Universities,public_curated_registry,deterministic_sample_seed_42,2026-08-17T19:48:05.066232+00:00
arizona.edu,https://arizona.edu,Universities,public_curated_registry,deterministic_sample_seed_42,2026-08-17T19:48:05.066232+00:00
asu.edu,https://asu.edu,Universities,public_curated_registry,deterministic_sample_seed_42,2026-08-17T19:48:05.066232+00:00
au.dk,https://au.dk,Universities,public_curated_registry,deterministic_sample_seed_42,2026-08-17T19:48:05.066232+00:00
auburn.edu,https://auburn.edu,Universities,public_curated_registry,deterministic_sample_seed_42,2026-08-17T19:48:05.066232+00:00
berkeley.edu,https://berkeley.edu,Universities,public_curated_registry,deterministic_sample_seed_42,2026-08-17T19:48:05.066232+00:00
bham.ac.uk,https://bham.ac.uk,Universities,public_curated_registry,deterministic_sample_seed_42,2026-08-17T19:48:05.066232+00:00
bristol.ac.uk,https://bristol.ac.uk,Universities,public_curated_registry,deterministic_sample_seed_42,2026-08-17T19:48:05.066232+00:00
brown.edu,https://brown.edu,Universities,public_curated_registry,deterministic_sample_seed_42,2026-08-17T19:48:05.066232+00:00
byu.edu,https://byu.edu,Universities,public_curated_registry,deterministic_sample_seed_42,2026-08-17T19:48:05.066232+00:00
caltech.edu,https://caltech.edu,Universities,public_curated_registry,deterministic_sample_seed_42,2026-08-17T19:48:05.066232+00:00
cam.ac.uk,https://cam.ac.uk,Universities,public_curated_registry,deterministic_sample_seed_42,2026-08-17T19:48:05.066232+00:00
case.edu,https://case.edu,Universities,public_curated_registry,deterministic_sample_seed_42,2026-08-17T19:48:05.066232+00:00
chalmers.se,https://chalmers.se,Universities,public_curated_registry,deterministic_sample_seed_42,2026-08-17T19:48:05.066232+00:00
clemson.edu,https://clemson.edu,Universities,public_curated_registry,deterministic_sample_seed_42,2026-08-17T19:48:05.066232+00:00
cmu.edu,https://cmu.edu,Universities,public_curated_registry,deterministic_sample_seed_42,2026-08-17T19:48:05.066232+00:00
colorado.edu,https://colorado.edu,Universities,public_curated_registry,deterministic_sample_seed_42,2026-08-17T19:48:05.066232+00:00
colostate.edu,https://colostate.edu,Universities,public_curated_registry,deterministic_sample_seed_42,2026-08-17T19:48:05.066232+00:00
columbia.edu,https://columbia.edu,Universities,public_curated_registry,deterministic_sample_seed_42,2026-08-17T19:48:05.066232+00:00
cornell.edu,https://cornell.edu,Universities,public_curated_registry,deterministic_sample_seed_42,2026-08-17T19:48:05.066232+00:00
dartmouth.edu,https://dartmouth.edu,Universities,public_curated_registry,deterministic_sample_seed_42,2026-08-17T19:48:05.066232+00:00
dtu.dk,https://dtu.dk,Universities,public_curated_registry,deterministic_sample_seed_42,2026-08-17T19:48:05.066232+00:00
durham.ac.uk,https://durham.ac.uk,Universities,public_curated_registry,deterministic_sample_seed_42,2026-08-17T19:48:05.066232+00:00
ed.ac.uk,https://ed.ac.uk,Universities,public_curated_registry,deterministic_sample_seed_42,2026-08-17T19:48:05.066232+00:00
emory.edu,https://emory.edu,Universities,public_curated_registry,deterministic_sample_seed_42,2026-08-17T19:48:05.066232+00:00
epfl.ch,https://epfl.ch,Universities,public_curated_registry,deterministic_sample_seed_42,2026-08-17T19:48:05.066232+00:00
erasmusmc.nl,https://erasmusmc.nl,Universities,public_curated_registry,deterministic_sample_seed_42,2026-08-17T19:48:05.066232+00:00
ethz.ch,https://ethz.ch,Universities,public_curated_registry,deterministic_sample_seed_42,2026-08-17T19:48:05.066232+00:00
fsu.edu,https://fsu.edu,Universities,public_curated_registry,deterministic_sample_seed_42,2026-08-17T19:48:05.066232+00:00
fu-berlin.de,https://fu-berlin.de,Universities,public_curated_registry,deterministic_sample_seed_42,2026-08-17T19:48:05.066232+00:00
gatech.edu,https://gatech.edu,Universities,public_curated_registry,deterministic_sample_seed_42,2026-08-17T19:48:05.066232+00:00
georgetown.edu,https://georgetown.edu,Universities,public_curated_registry,deterministic_sample_seed_42,2026-08-17T19:48:05.066232+00:00
gla.ac.uk,https://gla.ac.uk,Universities,public_curated_registry,deterministic_sample_seed_42,2026-08-17T19:48:05.066232+00:00
gu.se,https://gu.se,Universities,public_curated_registry,deterministic_sample_seed_42,2026-08-17T19:48:05.066232+00:00
harvard.edu,https://harvard.edu,Universities,public_curated_registry,deterministic_sample_seed_42,2026-08-17T19:48:05.066232+00:00
helsinki.fi,https://helsinki.fi,Universities,public_curated_registry,deterministic_sample_seed_42,2026-08-17T19:48:05.066232+00:00
hu-berlin.de,https://hu-berlin.de,Universities,public_curated_registry,deterministic_sample_seed_42,2026-08-17T19:48:05.066232+00:00
iastate.edu,https://iastate.edu,Universities,public_curated_registry,deterministic_sample_seed_42,2026-08-17T19:48:05.066232+00:00
imperial.ac.uk,https://imperial.ac.uk,Universities,public_curated_registry,deterministic_sample_seed_42,2026-08-17T19:48:05.066232+00:00
jhu.edu,https://jhu.edu,Universities,public_curated_registry,deterministic_sample_seed_42,2026-08-17T19:48:05.066232+00:00
kcl.ac.uk,https://kcl.ac.uk,Universities,public_curated_registry,deterministic_sample_seed_42,2026-08-17T19:48:05.066232+00:00
ki.se,https://ki.se,Universities,public_curated_registry,deterministic_sample_seed_42,2026-08-17T19:48:05.066232+00:00
kit.edu,https://kit.edu,Universities,public_curated_registry,deterministic_sample_seed_42,2026-08-17T19:48:05.066232+00:00
kth.se,https://kth.se,Universities,public_curated_registry,deterministic_sample_seed_42,2026-08-17T19:48:05.066232+00:00
ku.dk,https://ku.dk,Universities,public_curated_registry,deterministic_sample_seed_42,2026-08-17T19:48:05.066232+00:00
ku.edu,https://ku.edu,Universities,public_curated_registry,deterministic_sample_seed_42,2026-08-17T19:48:05.066232+00:00
leeds.ac.uk,https://leeds.ac.uk,Universities,public_curated_registry,deterministic_sample_seed_42,2026-08-17T19:48:05.066232+00:00
lehigh.edu,https://lehigh.edu,Universities,public_curated_registry,deterministic_sample_seed_42,2026-08-17T19:48:05.066232+00:00
leidenuniv.nl,https://leidenuniv.nl,Universities,public_curated_registry,deterministic_sample_seed_42,2026-08-17T19:48:05.066232+00:00
lmu.de,https://lmu.de,Universities,public_curated_registry,deterministic_sample_seed_42,2026-08-17T19:48:05.066232+00:00
louisville.edu,https://louisville.edu,Universities,public_curated_registry,deterministic_sample_seed_42,2026-08-17T19:48:05.066232+00:00
lsu.edu,https://lsu.edu,Universities,public_curated_registry,deterministic_sample_seed_42,2026-08-17T19:48:05.066232+00:00
lu.se,https://lu.se,Universities,public_curated_registry,deterministic_sample_seed_42,2026-08-17T19:48:05.066232+00:00
maastrichtuniversity.nl,https://maastrichtuniversity.nl,Universities,public_curated_registry,deterministic_sample_seed_42,2026-08-17T19:48:05.066232+00:00
maine.edu,https://maine.edu,Universities,public_curated_registry,deterministic_sample_seed_42,2026-08-17T19:48:05.066232+00:00
manchester.ac.uk,https://manchester.ac.uk,Universities,public_curated_registry,deterministic_sample_seed_42,2026-08-17T19:48:05.066232+00:00
mcgill.ca,https://mcgill.ca,Universities,public_curated_registry,deterministic_sample_seed_42,2026-08-17T19:48:05.066232+00:00
miami.edu,https://miami.edu,Universities,public_curated_registry,deterministic_sample_seed_42,2026-08-17T19:48:05.066232+00:00
mit.edu,https://mit.edu,Universities,public_curated_registry,deterministic_sample_seed_42,2026-08-17T19:48:05.066232+00:00
monash.edu.au,https://monash.edu.au,Universities,public_curated_registry,deterministic_sample_seed_42,2026-08-17T19:48:05.066232+00:00
nd.edu,https://nd.edu,Universities,public_curated_registry,deterministic_sample_seed_42,2026-08-17T19:48:05.066232+00:00
nebraska.edu,https://nebraska.edu,Universities,public_curated_registry,deterministic_sample_seed_42,2026-08-17T19:48:05.066232+00:00
northeastern.edu,https://northeastern.edu,Universities,public_curated_registry,deterministic_sample_seed_42,2026-08-17T19:48:05.066232+00:00
northwestern.edu,https://northwestern.edu,Universities,public_curated_registry,deterministic_sample_seed_42,2026-08-17T19:48:05.066232+00:00
nottingham.ac.uk,https://nottingham.ac.uk,Universities,public_curated_registry,deterministic_sample_seed_42,2026-08-17T19:48:05.066232+00:00
ntnu.no,https://ntnu.no,Universities,public_curated_registry,deterministic_sample_seed_42,2026-08-17T19:48:05.066232+00:00
nyu.edu,https://nyu.edu,Universities,public_curated_registry,deterministic_sample_seed_42,2026-08-17T19:48:05.066232+00:00
olemiss.edu,https://olemiss.edu,Universities,public_curated_registry,deterministic_sample_seed_42,2026-08-17T19:48:05.066232+00:00
oregonstate.edu,https://oregonstate.edu,Universities,public_curated_registry,deterministic_sample_seed_42,2026-08-17T19:48:05.066232+00:00
osu.edu,https://osu.edu,Universities,public_curated_registry,deterministic_sample_seed_42,2026-08-17T19:48:05.066232+00:00
ou.edu,https://ou.edu,Universities,public_curated_registry,deterministic_sample_seed_42,2026-08-17T19:48:05.066232+00:00
ox.ac.uk,https://ox.ac.uk,Universities,public_curated_registry,deterministic_sample_seed_42,2026-08-17T19:48:05.066232+00:00
polimi.it,https://polimi.it,Universities,public_curated_registry,deterministic_sample_seed_42,2026-08-17T19:48:05.066232+00:00
polytechnique.edu,https://polytechnique.edu,Universities,public_curated_registry,deterministic_sample_seed_42,2026-08-17T19:48:05.066232+00:00
princeton.edu,https://princeton.edu,Universities,public_curated_registry,deterministic_sample_seed_42,2026-08-17T19:48:05.066232+00:00
psl.eu,https://psl.eu,Universities,public_curated_registry,deterministic_sample_seed_42,2026-08-17T19:48:05.066232+00:00
psu.edu,https://psu.edu,Universities,public_curated_registry,deterministic_sample_seed_42,2026-08-17T19:48:05.066232+00:00
purdue.edu,https://purdue.edu,Universities,public_curated_registry,deterministic_sample_seed_42,2026-08-17T19:48:05.066232+00:00
radboudumc.nl,https://radboudumc.nl,Universities,public_curated_registry,deterministic_sample_seed_42,2026-08-17T19:48:05.066232+00:00
rice.edu,https://rice.edu,Universities,public_curated_registry,deterministic_sample_seed_42,2026-08-17T19:48:05.066232+00:00
rochester.edu,https://rochester.edu,Universities,public_curated_registry,deterministic_sample_seed_42,2026-08-17T19:48:05.066232+00:00
rpi.edu,https://rpi.edu,Universities,public_curated_registry,deterministic_sample_seed_42,2026-08-17T19:48:05.066232+00:00
rug.nl,https://rug.nl,Universities,public_curated_registry,deterministic_sample_seed_42,2026-08-17T19:48:05.066232+00:00
rutgers.edu,https://rutgers.edu,Universities,public_curated_registry,deterministic_sample_seed_42,2026-08-17T19:48:05.066232+00:00
rwth-aachen.de,https://rwth-aachen.de,Universities,public_curated_registry,deterministic_sample_seed_42,2026-08-17T19:48:05.066232+00:00
sheffield.ac.uk,https://sheffield.ac.uk,Universities,public_curated_registry,deterministic_sample_seed_42,2026-08-17T19:48:05.066232+00:00
sorbonne-universite.fr,https://sorbonne-universite.fr,Universities,public_curated_registry,deterministic_sample_seed_42,2026-08-17T19:48:05.066232+00:00
soton.ac.uk,https://soton.ac.uk,Universities,public_curated_registry,deterministic_sample_seed_42,2026-08-17T19:48:05.066232+00:00
st-andrews.ac.uk,https://st-andrews.ac.uk,Universities,public_curated_registry,deterministic_sample_seed_42,2026-08-17T19:48:05.066232+00:00
stanford.edu,https://stanford.edu,Universities,public_curated_registry,deterministic_sample_seed_42,2026-08-17T19:48:05.066232+00:00
su.se,https://su.se,Universities,public_curated_registry,deterministic_sample_seed_42,2026-08-17T19:48:05.066232+00:00
sydney.edu.au,https://sydney.edu.au,Universities,public_curated_registry,deterministic_sample_seed_42,2026-08-17T19:48:05.066232+00:00
syracuse.edu,https://syracuse.edu,Universities,public_curated_registry,deterministic_sample_seed_42,2026-08-17T19:48:05.066232+00:00
tamu.edu,https://tamu.edu,Universities,public_curated_registry,deterministic_sample_seed_42,2026-08-17T19:48:05.066232+00:00
tudelft.nl,https://tudelft.nl,Universities,public_curated_registry,deterministic_sample_seed_42,2026-08-17T19:48:05.066232+00:00
tue.nl,https://tue.nl,Universities,public_curated_registry,deterministic_sample_seed_42,2026-08-17T19:48:05.066232+00:00
tufts.edu,https://tufts.edu,Universities,public_curated_registry,deterministic_sample_seed_42,2026-08-17T19:48:05.066232+00:00
tulane.edu,https://tulane.edu,Universities,public_curated_registry,deterministic_sample_seed_42,2026-08-17T19:48:05.066232+00:00
tum.de,https://tum.de,Universities,public_curated_registry,deterministic_sample_seed_42,2026-08-17T19:48:05.066232+00:00
tuni.fi,https://tuni.fi,Universities,public_curated_registry,deterministic_sample_seed_42,2026-08-17T19:48:05.066232+00:00
u-bordeaux.fr,https://u-bordeaux.fr,Universities,public_curated_registry,deterministic_sample_seed_42,2026-08-17T19:48:05.066232+00:00
u-bourgogne.fr,https://u-bourgogne.fr,Universities,public_curated_registry,deterministic_sample_seed_42,2026-08-17T19:48:05.066232+00:00
u-paris.fr,https://u-paris.fr,Universities,public_curated_registry,deterministic_sample_seed_42,2026-08-17T19:48:05.066232+00:00
u-picardie.fr,https://u-picardie.fr,Universities,public_curated_registry,deterministic_sample_seed_42,2026-08-17T19:48:05.066232+00:00
u-strasbg.fr,https://u-strasbg.fr,Universities,public_curated_registry,deterministic_sample_seed_42,2026-08-17T19:48:05.066232+00:00
ua.edu,https://ua.edu,Universities,public_curated_registry,deterministic_sample_seed_42,2026-08-17T19:48:05.066232+00:00
uab.cat,https://uab.cat,Universities,public_curated_registry,deterministic_sample_seed_42,2026-08-17T19:48:05.066232+00:00
ualberta.ca,https://ualberta.ca,Universities,public_curated_registry,deterministic_sample_seed_42,2026-08-17T19:48:05.066232+00:00
uam.es,https://uam.es,Universities,public_curated_registry,deterministic_sample_seed_42,2026-08-17T19:48:05.066232+00:00
uark.edu,https://uark.edu,Universities,public_curated_registry,deterministic_sample_seed_42,2026-08-17T19:48:05.066232+00:00
ub.edu,https://ub.edu,Universities,public_curated_registry,deterministic_sample_seed_42,2026-08-17T19:48:05.066232+00:00
ubc.ca,https://ubc.ca,Universities,public_curated_registry,deterministic_sample_seed_42,2026-08-17T19:48:05.066232+00:00
uc3m.es,https://uc3m.es,Universities,public_curated_registry,deterministic_sample_seed_42,2026-08-17T19:48:05.066232+00:00
ucdavis.edu,https://ucdavis.edu,Universities,public_curated_registry,deterministic_sample_seed_42,2026-08-17T19:48:05.066232+00:00
uchicago.edu,https://uchicago.edu,Universities,public_curated_registry,deterministic_sample_seed_42,2026-08-17T19:48:05.066232+00:00
uci.edu,https://uci.edu,Universities,public_curated_registry,deterministic_sample_seed_42,2026-08-17T19:48:05.066232+00:00
ucl.ac.uk,https://ucl.ac.uk,Universities,public_curated_registry,deterministic_sample_seed_42,2026-08-17T19:48:05.066232+00:00
ucla.edu,https://ucla.edu,Universities,public_curated_registry,deterministic_sample_seed_42,2026-08-17T19:48:05.066232+00:00
uconn.edu,https://uconn.edu,Universities,public_curated_registry,deterministic_sample_seed_42,2026-08-17T19:48:05.066232+00:00
ucsd.edu,https://ucsd.edu,Universities,public_curated_registry,deterministic_sample_seed_42,2026-08-17T19:48:05.066232+00:00
udel.edu,https://udel.edu,Universities,public_curated_registry,deterministic_sample_seed_42,2026-08-17T19:48:05.066232+00:00
ufl.edu,https://ufl.edu,Universities,public_curated_registry,deterministic_sample_seed_42,2026-08-17T19:48:05.066232+00:00
uga.edu,https://uga.edu,Universities,public_curated_registry,deterministic_sample_seed_42,2026-08-17T19:48:05.066232+00:00
uib.no,https://uib.no,Universities,public_curated_registry,deterministic_sample_seed_42,2026-08-17T19:48:05.066232+00:00
uio.no,https://uio.no,Universities,public_curated_registry,deterministic_sample_seed_42,2026-08-17T19:48:05.066232+00:00
uiuc.edu,https://uiuc.edu,Universities,public_curated_registry,deterministic_sample_seed_42,2026-08-17T19:48:05.066232+00:00
uky.edu,https://uky.edu,Universities,public_curated_registry,deterministic_sample_seed_42,2026-08-17T19:48:05.066232+00:00
umass.edu,https://umass.edu,Universities,public_curated_registry,deterministic_sample_seed_42,2026-08-17T19:48:05.066232+00:00
umd.edu,https://umd.edu,Universities,public_curated_registry,deterministic_sample_seed_42,2026-08-17T19:48:05.066232+00:00
umich.edu,https://umich.edu,Universities,public_curated_registry,deterministic_sample_seed_42,2026-08-17T19:48:05.066232+00:00
umn.edu,https://umn.edu,Universities,public_curated_registry,deterministic_sample_seed_42,2026-08-17T19:48:05.066232+00:00
umontreal.ca,https://umontreal.ca,Universities,public_curated_registry,deterministic_sample_seed_42,2026-08-17T19:48:05.066232+00:00
umu.se,https://umu.se,Universities,public_curated_registry,deterministic_sample_seed_42,2026-08-17T19:48:05.066232+00:00
unc.edu,https://unc.edu,Universities,public_curated_registry,deterministic_sample_seed_42,2026-08-17T19:48:05.066232+00:00
unh.edu,https://unh.edu,Universities,public_curated_registry,deterministic_sample_seed_42,2026-08-17T19:48:05.066232+00:00
uni-bonn.de,https://uni-bonn.de,Universities,public_curated_registry,deterministic_sample_seed_42,2026-08-17T19:48:05.066232+00:00
uni-freiburg.de,https://uni-freiburg.de,Universities,public_curated_registry,deterministic_sample_seed_42,2026-08-17T19:48:05.066232+00:00
uni-goettingen.de,https://uni-goettingen.de,Universities,public_curated_registry,deterministic_sample_seed_42,2026-08-17T19:48:05.066232+00:00
uni-heidelberg.de,https://uni-heidelberg.de,Universities,public_curated_registry,deterministic_sample_seed_42,2026-08-17T19:48:05.066232+00:00
uni-tuebingen.de,https://uni-tuebingen.de,Universities,public_curated_registry,deterministic_sample_seed_42,2026-08-17T19:48:05.066232+00:00
unibo.it,https://unibo.it,Universities,public_curated_registry,deterministic_sample_seed_42,2026-08-17T19:48:05.066232+00:00
unifi.it,https://unifi.it,Universities,public_curated_registry,deterministic_sample_seed_42,2026-08-17T19:48:05.066232+00:00
unimelb.edu.au,https://unimelb.edu.au,Universities,public_curated_registry,deterministic_sample_seed_42,2026-08-17T19:48:05.066232+00:00
unimi.it,https://unimi.it,Universities,public_curated_registry,deterministic_sample_seed_42,2026-08-17T19:48:05.066232+00:00
unina.it,https://unina.it,Universities,public_curated_registry,deterministic_sample_seed_42,2026-08-17T19:48:05.066232+00:00
unipd.it,https://unipd.it,Universities,public_curated_registry,deterministic_sample_seed_42,2026-08-17T19:48:05.066232+00:00
unipi.it,https://unipi.it,Universities,public_curated_registry,deterministic_sample_seed_42,2026-08-17T19:48:05.066232+00:00
uniroma1.it,https://uniroma1.it,Universities,public_curated_registry,deterministic_sample_seed_42,2026-08-17T19:48:05.066232+00:00
unito.it,https://unito.it,Universities,public_curated_registry,deterministic_sample_seed_42,2026-08-17T19:48:05.066232+00:00
univ-ag.fr,https://univ-ag.fr,Universities,public_curated_registry,deterministic_sample_seed_42,2026-08-17T19:48:05.066232+00:00
univ-amu.fr,https://univ-amu.fr,Universities,public_curated_registry,deterministic_sample_seed_42,2026-08-17T19:48:05.066232+00:00
univ-angers.fr,https://univ-angers.fr,Universities,public_curated_registry,deterministic_sample_seed_42,2026-08-17T19:48:05.066232+00:00
univ-brest.fr,https://univ-brest.fr,Universities,public_curated_registry,deterministic_sample_seed_42,2026-08-17T19:48:05.066232+00:00
univ-corse.fr,https://univ-corse.fr,Universities,public_curated_registry,deterministic_sample_seed_42,2026-08-17T19:48:05.066232+00:00
univ-fcomte.fr,https://univ-fcomte.fr,Universities,public_curated_registry,deterministic_sample_seed_42,2026-08-17T19:48:05.066232+00:00
univ-grenoble-alpes.fr,https://univ-grenoble-alpes.fr,Universities,public_curated_registry,deterministic_sample_seed_42,2026-08-17T19:48:05.066232+00:00
univ-lemans.fr,https://univ-lemans.fr,Universities,public_curated_registry,deterministic_sample_seed_42,2026-08-17T19:48:05.066232+00:00
univ-lille.fr,https://univ-lille.fr,Universities,public_curated_registry,deterministic_sample_seed_42,2026-08-17T19:48:05.066232+00:00
univ-lorraine.fr,https://univ-lorraine.fr,Universities,public_curated_registry,deterministic_sample_seed_42,2026-08-17T19:48:05.066232+00:00
univ-lyon1.fr,https://univ-lyon1.fr,Universities,public_curated_registry,deterministic_sample_seed_42,2026-08-17T19:48:05.066232+00:00
univ-montp3.fr,https://univ-montp3.fr,Universities,public_curated_registry,deterministic_sample_seed_42,2026-08-17T19:48:05.066232+00:00
univ-nc.nc,https://univ-nc.nc,Universities,public_curated_registry,deterministic_sample_seed_42,2026-08-17T19:48:05.066232+00:00
univ-pau.fr,https://univ-pau.fr,Universities,public_curated_registry,deterministic_sample_seed_42,2026-08-17T19:48:05.066232+00:00
univ-perp.fr,https://univ-perp.fr,Universities,public_curated_registry,deterministic_sample_seed_42,2026-08-17T19:48:05.066232+00:00
univ-pf.pf,https://univ-pf.pf,Universities,public_curated_registry,deterministic_sample_seed_42,2026-08-17T19:48:05.066232+00:00
univ-poitiers.fr,https://univ-poitiers.fr,Universities,public_curated_registry,deterministic_sample_seed_42,2026-08-17T19:48:05.066232+00:00
univ-reims.fr,https://univ-reims.fr,Universities,public_curated_registry,deterministic_sample_seed_42,2026-08-17T19:48:05.066232+00:00
univ-rennes1.fr,https://univ-rennes1.fr,Universities,public_curated_registry,deterministic_sample_seed_42,2026-08-17T19:48:05.066232+00:00
univ-reunion.fr,https://univ-reunion.fr,Universities,public_curated_registry,deterministic_sample_seed_42,2026-08-17T19:48:05.066232+00:00
univ-rouen.fr,https://univ-rouen.fr,Universities,public_curated_registry,deterministic_sample_seed_42,2026-08-17T19:48:05.066232+00:00
univ-tlse3.fr,https://univ-tlse3.fr,Universities,public_curated_registry,deterministic_sample_seed_42,2026-08-17T19:48:05.066232+00:00
univ-tours.fr,https://univ-tours.fr,Universities,public_curated_registry,deterministic_sample_seed_42,2026-08-17T19:48:05.066232+00:00
universite-paris-saclay.fr,https://universite-paris-saclay.fr,Universities,public_curated_registry,deterministic_sample_seed_42,2026-08-17T19:48:05.066232+00:00
unsw.edu.au,https://unsw.edu.au,Universities,public_curated_registry,deterministic_sample_seed_42,2026-08-17T19:48:05.066232+00:00
uoregon.edu,https://uoregon.edu,Universities,public_curated_registry,deterministic_sample_seed_42,2026-08-17T19:48:05.066232+00:00
upc.edu,https://upc.edu,Universities,public_curated_registry,deterministic_sample_seed_42,2026-08-17T19:48:05.066232+00:00
upenn.edu,https://upenn.edu,Universities,public_curated_registry,deterministic_sample_seed_42,2026-08-17T19:48:05.066232+00:00
uq.edu.au,https://uq.edu.au,Universities,public_curated_registry,deterministic_sample_seed_42,2026-08-17T19:48:05.066232+00:00
uri.edu,https://uri.edu,Universities,public_curated_registry,deterministic_sample_seed_42,2026-08-17T19:48:05.066232+00:00
usc.edu,https://usc.edu,Universities,public_curated_registry,deterministic_sample_seed_42,2026-08-17T19:48:05.066232+00:00
utah.edu,https://utah.edu,Universities,public_curated_registry,deterministic_sample_seed_42,2026-08-17T19:48:05.066232+00:00
utexas.edu,https://utexas.edu,Universities,public_curated_registry,deterministic_sample_seed_42,2026-08-17T19:48:05.066232+00:00
utk.edu,https://utk.edu,Universities,public_curated_registry,deterministic_sample_seed_42,2026-08-17T19:48:05.066232+00:00
utoronto.ca,https://utoronto.ca,Universities,public_curated_registry,deterministic_sample_seed_42,2026-08-17T19:48:05.066232+00:00
utwente.nl,https://utwente.nl,Universities,public_curated_registry,deterministic_sample_seed_42,2026-08-17T19:48:05.066232+00:00
uu.nl,https://uu.nl,Universities,public_curated_registry,deterministic_sample_seed_42,2026-08-17T19:48:05.066232+00:00
uu.se,https://uu.se,Universities,public_curated_registry,deterministic_sample_seed_42,2026-08-17T19:48:05.066232+00:00
uva.nl,https://uva.nl,Universities,public_curated_registry,deterministic_sample_seed_42,2026-08-17T19:48:05.066232+00:00
uvm.edu,https://uvm.edu,Universities,public_curated_registry,deterministic_sample_seed_42,2026-08-17T19:48:05.066232+00:00
uwaterloo.ca,https://uwaterloo.ca,Universities,public_curated_registry,deterministic_sample_seed_42,2026-08-17T19:48:05.066232+00:00
vanderbilt.edu,https://vanderbilt.edu,Universities,public_curated_registry,deterministic_sample_seed_42,2026-08-17T19:48:05.066232+00:00
virginia.edu,https://virginia.edu,Universities,public_curated_registry,deterministic_sample_seed_42,2026-08-17T19:48:05.066232+00:00
warwick.ac.uk,https://warwick.ac.uk,Universities,public_curated_registry,deterministic_sample_seed_42,2026-08-17T19:48:05.066232+00:00
washington.edu,https://washington.edu,Universities,public_curated_registry,deterministic_sample_seed_42,2026-08-17T19:48:05.066232+00:00
wisc.edu,https://wisc.edu,Universities,public_curated_registry,deterministic_sample_seed_42,2026-08-17T19:48:05.066232+00:00
wsu.edu,https://wsu.edu,Universities,public_curated_registry,deterministic_sample_seed_42,2026-08-17T19:48:05.066232+00:00
wvu.edu,https://wvu.edu,Universities,public_curated_registry,deterministic_sample_seed_42,2026-08-17T19:48:05.066232+00:00
yale.edu,https://yale.edu,Universities,public_curated_registry,deterministic_sample_seed_42,2026-08-17T19:48:05.066232+00:00
york.ac.uk,https://york.ac.uk,Universities,public_curated_registry,deterministic_sample_seed_42,2026-08-17T19:48:05.066232+00:00
admin.ch,https://admin.ch,Government,public_curated_registry,deterministic_sample_seed_42,2026-08-17T19:48:05.066232+00:00
agency-001.gov.uk,https://agency-001.gov.uk,Government,public_curated_registry,deterministic_sample_seed_42,2026-08-17T19:48:05.066232+00:00
agency-003.gov.uk,https://agency-003.gov.uk,Government,public_curated_registry,deterministic_sample_seed_42,2026-08-17T19:48:05.066232+00:00
agency-005.gov.uk,https://agency-005.gov.uk,Government,public_curated_registry,deterministic_sample_seed_42,2026-08-17T19:48:05.066232+00:00
agency-007.gov.uk,https://agency-007.gov.uk,Government,public_curated_registry,deterministic_sample_seed_42,2026-08-17T19:48:05.066232+00:00
agency-009.gov.uk,https://agency-009.gov.uk,Government,public_curated_registry,deterministic_sample_seed_42,2026-08-17T19:48:05.066232+00:00
agency-011.gov.uk,https://agency-011.gov.uk,Government,public_curated_registry,deterministic_sample_seed_42,2026-08-17T19:48:05.066232+00:00
agency-013.gov.uk,https://agency-013.gov.uk,Government,public_curated_registry,deterministic_sample_seed_42,2026-08-17T19:48:05.066232+00:00
agency-015.gov.uk,https://agency-015.gov.uk,Government,public_curated_registry,deterministic_sample_seed_42,2026-08-17T19:48:05.066232+00:00
alabama.gov,https://alabama.gov,Government,public_curated_registry,deterministic_sample_seed_42,2026-08-17T19:48:05.066232+00:00
alaska.gov,https://alaska.gov,Government,public_curated_registry,deterministic_sample_seed_42,2026-08-17T19:48:05.066232+00:00
aph.gov.au,https://aph.gov.au,Government,public_curated_registry,deterministic_sample_seed_42,2026-08-17T19:48:05.066232+00:00
archives.gov,https://archives.gov,Government,public_curated_registry,deterministic_sample_seed_42,2026-08-17T19:48:05.066232+00:00
argentina.gob.ar,https://argentina.gob.ar,Government,public_curated_registry,deterministic_sample_seed_42,2026-08-17T19:48:05.066232+00:00
arkansas.gov,https://arkansas.gov,Government,public_curated_registry,deterministic_sample_seed_42,2026-08-17T19:48:05.066232+00:00
assemblee-nationale.fr,https://assemblee-nationale.fr,Government,public_curated_registry,deterministic_sample_seed_42,2026-08-17T19:48:05.066232+00:00
australia.gov.au,https://australia.gov.au,Government,public_curated_registry,deterministic_sample_seed_42,2026-08-17T19:48:05.066232+00:00
az.gov,https://az.gov,Government,public_curated_registry,deterministic_sample_seed_42,2026-08-17T19:48:05.066232+00:00
bcn.cl,https://bcn.cl,Government,public_curated_registry,deterministic_sample_seed_42,2026-08-17T19:48:05.066232+00:00
belgium.be,https://belgium.be,Government,public_curated_registry,deterministic_sample_seed_42,2026-08-17T19:48:05.066232+00:00
bfs.admin.ch,https://bfs.admin.ch,Government,public_curated_registry,deterministic_sample_seed_42,2026-08-17T19:48:05.066232+00:00
bka.de,https://bka.de,Government,public_curated_registry,deterministic_sample_seed_42,2026-08-17T19:48:05.066232+00:00
boe.es,https://boe.es,Government,public_curated_registry,deterministic_sample_seed_42,2026-08-17T19:48:05.066232+00:00
bom.gov.au,https://bom.gov.au,Government,public_curated_registry,deterministic_sample_seed_42,2026-08-17T19:48:05.066232+00:00
bund.de,https://bund.de,Government,public_curated_registry,deterministic_sample_seed_42,2026-08-17T19:48:05.066232+00:00
bundeskanzleramt.gv.at,https://bundeskanzleramt.gv.at,Government,public_curated_registry,deterministic_sample_seed_42,2026-08-17T19:48:05.066232+00:00
bundestag.de,https://bundestag.de,Government,public_curated_registry,deterministic_sample_seed_42,2026-08-17T19:48:05.066232+00:00
ca.gov,https://ca.gov,Government,public_curated_registry,deterministic_sample_seed_42,2026-08-17T19:48:05.066232+00:00
canada.ca,https://canada.ca,Government,public_curated_registry,deterministic_sample_seed_42,2026-08-17T19:48:05.066232+00:00
cbo.gov,https://cbo.gov,Government,public_curated_registry,deterministic_sample_seed_42,2026-08-17T19:48:05.066232+00:00
cbs.nl,https://cbs.nl,Government,public_curated_registry,deterministic_sample_seed_42,2026-08-17T19:48:05.066232+00:00
cdc.gov,https://cdc.gov,Government,public_curated_registry,deterministic_sample_seed_42,2026-08-17T19:48:05.066232+00:00
census.gov,https://census.gov,Government,public_curated_registry,deterministic_sample_seed_42,2026-08-17T19:48:05.066232+00:00
colorado.gov,https://colorado.gov,Government,public_curated_registry,deterministic_sample_seed_42,2026-08-17T19:48:05.066232+00:00
csiro.au,https://csiro.au,Government,public_curated_registry,deterministic_sample_seed_42,2026-08-17T19:48:05.066232+00:00
cso.ie,https://cso.ie,Government,public_curated_registry,deterministic_sample_seed_42,2026-08-17T19:48:05.066232+00:00
ct.gov,https://ct.gov,Government,public_curated_registry,deterministic_sample_seed_42,2026-08-17T19:48:05.066232+00:00
czso.cz,https://czso.cz,Government,public_curated_registry,deterministic_sample_seed_42,2026-08-17T19:48:05.066232+00:00
defense.gov,https://defense.gov,Government,public_curated_registry,deterministic_sample_seed_42,2026-08-17T19:48:05.066232+00:00
delaware.gov,https://delaware.gov,Government,public_curated_registry,deterministic_sample_seed_42,2026-08-17T19:48:05.066232+00:00
dept-002.gov,https://dept-002.gov,Government,public_curated_registry,deterministic_sample_seed_42,2026-08-17T19:48:05.066232+00:00
dept-004.gov,https://dept-004.gov,Government,public_curated_registry,deterministic_sample_seed_42,2026-08-17T19:48:05.066232+00:00
dept-006.gov,https://dept-006.gov,Government,public_curated_registry,deterministic_sample_seed_42,2026-08-17T19:48:05.066232+00:00
dept-008.gov,https://dept-008.gov,Government,public_curated_registry,deterministic_sample_seed_42,2026-08-17T19:48:05.066232+00:00
dept-010.gov,https://dept-010.gov,Government,public_curated_registry,deterministic_sample_seed_42,2026-08-17T19:48:05.066232+00:00
dept-012.gov,https://dept-012.gov,Government,public_curated_registry,deterministic_sample_seed_42,2026-08-17T19:48:05.066232+00:00
dept-014.gov,https://dept-014.gov,Government,public_curated_registry,deterministic_sample_seed_42,2026-08-17T19:48:05.066232+00:00
dept-016.gov,https://dept-016.gov,Government,public_curated_registry,deterministic_sample_seed_42,2026-08-17T19:48:05.066232+00:00
dhs.gov,https://dhs.gov,Government,public_curated_registry,deterministic_sample_seed_42,2026-08-17T19:48:05.066232+00:00
doe.gov,https://doe.gov,Government,public_curated_registry,deterministic_sample_seed_42,2026-08-17T19:48:05.066232+00:00
doi.gov,https://doi.gov,Government,public_curated_registry,deterministic_sample_seed_42,2026-08-17T19:48:05.066232+00:00
dol.gov,https://dol.gov,Government,public_curated_registry,deterministic_sample_seed_42,2026-08-17T19:48:05.066232+00:00
dst.dk,https://dst.dk,Government,public_curated_registry,deterministic_sample_seed_42,2026-08-17T19:48:05.066232+00:00
dwd.de,https://dwd.de,Government,public_curated_registry,deterministic_sample_seed_42,2026-08-17T19:48:05.066232+00:00
ed.gov,https://ed.gov,Government,public_curated_registry,deterministic_sample_seed_42,2026-08-17T19:48:05.066232+00:00
eduskunta.fi,https://eduskunta.fi,Government,public_curated_registry,deterministic_sample_seed_42,2026-08-17T19:48:05.066232+00:00
energy.gov,https://energy.gov,Government,public_curated_registry,deterministic_sample_seed_42,2026-08-17T19:48:05.066232+00:00
epa.gov,https://epa.gov,Government,public_curated_registry,deterministic_sample_seed_42,2026-08-17T19:48:05.066232+00:00
fcc.gov,https://fcc.gov,Government,public_curated_registry,deterministic_sample_seed_42,2026-08-17T19:48:05.066232+00:00
fda.gov,https://fda.gov,Government,public_curated_registry,deterministic_sample_seed_42,2026-08-17T19:48:05.066232+00:00
fl.gov,https://fl.gov,Government,public_curated_registry,deterministic_sample_seed_42,2026-08-17T19:48:05.066232+00:00
ft.dk,https://ft.dk,Government,public_curated_registry,deterministic_sample_seed_42,2026-08-17T19:48:05.066232+00:00
ftc.gov,https://ftc.gov,Government,public_curated_registry,deterministic_sample_seed_42,2026-08-17T19:48:05.066232+00:00
gao.gov,https://gao.gov,Government,public_curated_registry,deterministic_sample_seed_42,2026-08-17T19:48:05.066232+00:00
georgia.gov,https://georgia.gov,Government,public_curated_registry,deterministic_sample_seed_42,2026-08-17T19:48:05.066232+00:00
gob.cl,https://gob.cl,Government,public_curated_registry,deterministic_sample_seed_42,2026-08-17T19:48:05.066232+00:00
gob.mx,https://gob.mx,Government,public_curated_registry,deterministic_sample_seed_42,2026-08-17T19:48:05.066232+00:00
gouvernement.fr,https://gouvernement.fr,Government,public_curated_registry,deterministic_sample_seed_42,2026-08-17T19:48:05.066232+00:00
gov.br,https://gov.br,Government,public_curated_registry,deterministic_sample_seed_42,2026-08-17T19:48:05.066232+00:00
gov.gr,https://gov.gr,Government,public_curated_registry,deterministic_sample_seed_42,2026-08-17T19:48:05.066232+00:00
gov.ie,https://gov.ie,Government,public_curated_registry,deterministic_sample_seed_42,2026-08-17T19:48:05.066232+00:00
gov.pl,https://gov.pl,Government,public_curated_registry,deterministic_sample_seed_42,2026-08-17T19:48:05.066232+00:00
gov.sg,https://gov.sg,Government,public_curated_registry,deterministic_sample_seed_42,2026-08-17T19:48:05.066232+00:00
gov.uk,https://gov.uk,Government,public_curated_registry,deterministic_sample_seed_42,2026-08-17T19:48:05.066232+00:00
gov.za,https://gov.za,Government,public_curated_registry,deterministic_sample_seed_42,2026-08-17T19:48:05.066232+00:00
governo.it,https://governo.it,Government,public_curated_registry,deterministic_sample_seed_42,2026-08-17T19:48:05.066232+00:00
govt.nz,https://govt.nz,Government,public_curated_registry,deterministic_sample_seed_42,2026-08-17T19:48:05.066232+00:00
gpo.gov,https://gpo.gov,Government,public_curated_registry,deterministic_sample_seed_42,2026-08-17T19:48:05.066232+00:00
hawaii.gov,https://hawaii.gov,Government,public_curated_registry,deterministic_sample_seed_42,2026-08-17T19:48:05.066232+00:00
hellenicparliament.gr,https://hellenicparliament.gr,Government,public_curated_registry,deterministic_sample_seed_42,2026-08-17T19:48:05.066232+00:00
hhs.gov,https://hhs.gov,Government,public_curated_registry,deterministic_sample_seed_42,2026-08-17T19:48:05.066232+00:00
house.gov,https://house.gov,Government,public_curated_registry,deterministic_sample_seed_42,2026-08-17T19:48:05.066232+00:00
hud.gov,https://hud.gov,Government,public_curated_registry,deterministic_sample_seed_42,2026-08-17T19:48:05.066232+00:00
ibge.gov.br,https://ibge.gov.br,Government,public_curated_registry,deterministic_sample_seed_42,2026-08-17T19:48:05.066232+00:00
idaho.gov,https://idaho.gov,Government,public_curated_registry,deterministic_sample_seed_42,2026-08-17T19:48:05.066232+00:00
illinois.gov,https://illinois.gov,Government,public_curated_registry,deterministic_sample_seed_42,2026-08-17T19:48:05.066232+00:00
indec.gob.ar,https://indec.gob.ar,Government,public_curated_registry,deterministic_sample_seed_42,2026-08-17T19:48:05.066232+00:00
india.gov.in,https://india.gov.in,Government,public_curated_registry,deterministic_sample_seed_42,2026-08-17T19:48:05.066232+00:00
indiana.gov,https://indiana.gov,Government,public_curated_registry,deterministic_sample_seed_42,2026-08-17T19:48:05.066232+00:00
ine.es,https://ine.es,Government,public_curated_registry,deterministic_sample_seed_42,2026-08-17T19:48:05.066232+00:00
ine.gob.cl,https://ine.gob.cl,Government,public_curated_registry,deterministic_sample_seed_42,2026-08-17T19:48:05.066232+00:00
ine.pt,https://ine.pt,Government,public_curated_registry,deterministic_sample_seed_42,2026-08-17T19:48:05.066232+00:00
inegi.org.mx,https://inegi.org.mx,Government,public_curated_registry,deterministic_sample_seed_42,2026-08-17T19:48:05.066232+00:00
insee.fr,https://insee.fr,Government,public_curated_registry,deterministic_sample_seed_42,2026-08-17T19:48:05.066232+00:00
iowa.gov,https://iowa.gov,Government,public_curated_registry,deterministic_sample_seed_42,2026-08-17T19:48:05.066232+00:00
isro.gov.in,https://isro.gov.in,Government,public_curated_registry,deterministic_sample_seed_42,2026-08-17T19:48:05.066232+00:00
istat.it,https://istat.it,Government,public_curated_registry,deterministic_sample_seed_42,2026-08-17T19:48:05.066232+00:00
japan.go.jp,https://japan.go.jp,Government,public_curated_registry,deterministic_sample_seed_42,2026-08-17T19:48:05.066232+00:00
justice.gov,https://justice.gov,Government,public_curated_registry,deterministic_sample_seed_42,2026-08-17T19:48:05.066232+00:00
kansas.gov,https://kansas.gov,Government,public_curated_registry,deterministic_sample_seed_42,2026-08-17T19:48:05.066232+00:00
kantei.go.jp,https://kantei.go.jp,Government,public_curated_registry,deterministic_sample_seed_42,2026-08-17T19:48:05.066232+00:00
kentucky.gov,https://kentucky.gov,Government,public_curated_registry,deterministic_sample_seed_42,2026-08-17T19:48:05.066232+00:00
kormany.hu,https://kormany.hu,Government,public_curated_registry,deterministic_sample_seed_42,2026-08-17T19:48:05.066232+00:00
ksh.hu,https://ksh.hu,Government,public_curated_registry,deterministic_sample_seed_42,2026-08-17T19:48:05.066232+00:00
la.gov,https://la.gov,Government,public_curated_registry,deterministic_sample_seed_42,2026-08-17T19:48:05.066232+00:00
lamoncloa.gob.es,https://lamoncloa.gob.es,Government,public_curated_registry,deterministic_sample_seed_42,2026-08-17T19:48:05.066232+00:00
legifrance.gouv.fr,https://legifrance.gouv.fr,Government,public_curated_registry,deterministic_sample_seed_42,2026-08-17T19:48:05.066232+00:00
loc.gov,https://loc.gov,Government,public_curated_registry,deterministic_sample_seed_42,2026-08-17T19:48:05.066232+00:00
maine.gov,https://maine.gov,Government,public_curated_registry,deterministic_sample_seed_42,2026-08-17T19:48:05.066232+00:00
maryland.gov,https://maryland.gov,Government,public_curated_registry,deterministic_sample_seed_42,2026-08-17T19:48:05.066232+00:00
mass.gov,https://mass.gov,Government,public_curated_registry,deterministic_sample_seed_42,2026-08-17T19:48:05.066232+00:00
metoffice.gov.uk,https://metoffice.gov.uk,Government,public_curated_registry,deterministic_sample_seed_42,2026-08-17T19:48:05.066232+00:00
michigan.gov,https://michigan.gov,Government,public_curated_registry,deterministic_sample_seed_42,2026-08-17T19:48:05.066232+00:00
mn.gov,https://mn.gov,Government,public_curated_registry,deterministic_sample_seed_42,2026-08-17T19:48:05.066232+00:00
mo.gov,https://mo.gov,Government,public_curated_registry,deterministic_sample_seed_42,2026-08-17T19:48:05.066232+00:00
montana.gov,https://montana.gov,Government,public_curated_registry,deterministic_sample_seed_42,2026-08-17T19:48:05.066232+00:00
ms.gov,https://ms.gov,Government,public_curated_registry,deterministic_sample_seed_42,2026-08-17T19:48:05.066232+00:00
nasa.gov,https://nasa.gov,Government,public_curated_registry,deterministic_sample_seed_42,2026-08-17T19:48:05.066232+00:00
nationalarchives.gov.uk,https://nationalarchives.gov.uk,Government,public_curated_registry,deterministic_sample_seed_42,2026-08-17T19:48:05.066232+00:00
nc.gov,https://nc.gov,Government,public_curated_registry,deterministic_sample_seed_42,2026-08-17T19:48:05.066232+00:00
nd.gov,https://nd.gov,Government,public_curated_registry,deterministic_sample_seed_42,2026-08-17T19:48:05.066232+00:00
nebraska.gov,https://nebraska.gov,Government,public_curated_registry,deterministic_sample_seed_42,2026-08-17T19:48:05.066232+00:00
nevada.gov,https://nevada.gov,Government,public_curated_registry,deterministic_sample_seed_42,2026-08-17T19:48:05.066232+00:00
nh.gov,https://nh.gov,Government,public_curated_registry,deterministic_sample_seed_42,2026-08-17T19:48:05.066232+00:00
nhs.uk,https://nhs.uk,Government,public_curated_registry,deterministic_sample_seed_42,2026-08-17T19:48:05.066232+00:00
nih.gov,https://nih.gov,Government,public_curated_registry,deterministic_sample_seed_42,2026-08-17T19:48:05.066232+00:00
nist.gov,https://nist.gov,Government,public_curated_registry,deterministic_sample_seed_42,2026-08-17T19:48:05.066232+00:00
niti.gov.in,https://niti.gov.in,Government,public_curated_registry,deterministic_sample_seed_42,2026-08-17T19:48:05.066232+00:00
nm.gov,https://nm.gov,Government,public_curated_registry,deterministic_sample_seed_42,2026-08-17T19:48:05.066232+00:00
noaa.gov,https://noaa.gov,Government,public_curated_registry,deterministic_sample_seed_42,2026-08-17T19:48:05.066232+00:00
nrc-cnrc.gc.ca,https://nrc-cnrc.gc.ca,Government,public_curated_registry,deterministic_sample_seed_42,2026-08-17T19:48:05.066232+00:00
ny.gov,https://ny.gov,Government,public_curated_registry,deterministic_sample_seed_42,2026-08-17T19:48:05.066232+00:00
ohio.gov,https://ohio.gov,Government,public_curated_registry,deterministic_sample_seed_42,2026-08-17T19:48:05.066232+00:00
oireachtas.ie,https://oireachtas.ie,Government,public_curated_registry,deterministic_sample_seed_42,2026-08-17T19:48:05.066232+00:00
oklahoma.gov,https://oklahoma.gov,Government,public_curated_registry,deterministic_sample_seed_42,2026-08-17T19:48:05.066232+00:00
ordnancesurvey.co.uk,https://ordnancesurvey.co.uk,Government,public_curated_registry,deterministic_sample_seed_42,2026-08-17T19:48:05.066232+00:00
oregon.gov,https://oregon.gov,Government,public_curated_registry,deterministic_sample_seed_42,2026-08-17T19:48:05.066232+00:00
pa.gov,https://pa.gov,Government,public_curated_registry,deterministic_sample_seed_42,2026-08-17T19:48:05.066232+00:00
parl.ca,https://parl.ca,Government,public_curated_registry,deterministic_sample_seed_42,2026-08-17T19:48:05.066232+00:00
parlament.ch,https://parlament.ch,Government,public_curated_registry,deterministic_sample_seed_42,2026-08-17T19:48:05.066232+00:00
parlament.gv.at,https://parlament.gv.at,Government,public_curated_registry,deterministic_sample_seed_42,2026-08-17T19:48:05.066232+00:00
parlament.hu,https://parlament.hu,Government,public_curated_registry,deterministic_sample_seed_42,2026-08-17T19:48:05.066232+00:00
parlamento.it,https://parlamento.it,Government,public_curated_registry,deterministic_sample_seed_42,2026-08-17T19:48:05.066232+00:00
parlamento.pt,https://parlamento.pt,Government,public_curated_registry,deterministic_sample_seed_42,2026-08-17T19:48:05.066232+00:00
parliament.gov.sg,https://parliament.gov.sg,Government,public_curated_registry,deterministic_sample_seed_42,2026-08-17T19:48:05.066232+00:00
parliament.nz,https://parliament.nz,Government,public_curated_registry,deterministic_sample_seed_42,2026-08-17T19:48:05.066232+00:00
parliament.uk,https://parliament.uk,Government,public_curated_registry,deterministic_sample_seed_42,2026-08-17T19:48:05.066232+00:00
planalto.gov.br,https://planalto.gov.br,Government,public_curated_registry,deterministic_sample_seed_42,2026-08-17T19:48:05.066232+00:00
portugal.gov.pt,https://portugal.gov.pt,Government,public_curated_registry,deterministic_sample_seed_42,2026-08-17T19:48:05.066232+00:00
regeringen.dk,https://regeringen.dk,Government,public_curated_registry,deterministic_sample_seed_42,2026-08-17T19:48:05.066232+00:00
regeringen.se,https://regeringen.se,Government,public_curated_registry,deterministic_sample_seed_42,2026-08-17T19:48:05.066232+00:00
regjeringen.no,https://regjeringen.no,Government,public_curated_registry,deterministic_sample_seed_42,2026-08-17T19:48:05.066232+00:00
ri.gov,https://ri.gov,Government,public_curated_registry,deterministic_sample_seed_42,2026-08-17T19:48:05.066232+00:00
rijksoverheid.nl,https://rijksoverheid.nl,Government,public_curated_registry,deterministic_sample_seed_42,2026-08-17T19:48:05.066232+00:00
riksdagen.se,https://riksdagen.se,Government,public_curated_registry,deterministic_sample_seed_42,2026-08-17T19:48:05.066232+00:00
sba.gov,https://sba.gov,Government,public_curated_registry,deterministic_sample_seed_42,2026-08-17T19:48:05.066232+00:00
sc.gov,https://sc.gov,Government,public_curated_registry,deterministic_sample_seed_42,2026-08-17T19:48:05.066232+00:00
scb.se,https://scb.se,Government,public_curated_registry,deterministic_sample_seed_42,2026-08-17T19:48:05.066232+00:00
sd.gov,https://sd.gov,Government,public_curated_registry,deterministic_sample_seed_42,2026-08-17T19:48:05.066232+00:00
sec.gov,https://sec.gov,Government,public_curated_registry,deterministic_sample_seed_42,2026-08-17T19:48:05.066232+00:00
sejm.gov.pl,https://sejm.gov.pl,Government,public_curated_registry,deterministic_sample_seed_42,2026-08-17T19:48:05.066232+00:00
senado.gob.mx,https://senado.gob.mx,Government,public_curated_registry,deterministic_sample_seed_42,2026-08-17T19:48:05.066232+00:00
senat.cz,https://senat.cz,Government,public_curated_registry,deterministic_sample_seed_42,2026-08-17T19:48:05.066232+00:00
senat.fr,https://senat.fr,Government,public_curated_registry,deterministic_sample_seed_42,2026-08-17T19:48:05.066232+00:00
senate.be,https://senate.be,Government,public_curated_registry,deterministic_sample_seed_42,2026-08-17T19:48:05.066232+00:00
senate.gov,https://senate.gov,Government,public_curated_registry,deterministic_sample_seed_42,2026-08-17T19:48:05.066232+00:00
service-public.fr,https://service-public.fr,Government,public_curated_registry,deterministic_sample_seed_42,2026-08-17T19:48:05.066232+00:00
singstat.gov.sg,https://singstat.gov.sg,Government,public_curated_registry,deterministic_sample_seed_42,2026-08-17T19:48:05.066232+00:00
ssa.gov,https://ssa.gov,Government,public_curated_registry,deterministic_sample_seed_42,2026-08-17T19:48:05.066232+00:00
ssb.no,https://ssb.no,Government,public_curated_registry,deterministic_sample_seed_42,2026-08-17T19:48:05.066232+00:00
stat.fi,https://stat.fi,Government,public_curated_registry,deterministic_sample_seed_42,2026-08-17T19:48:05.066232+00:00
stat.go.jp,https://stat.go.jp,Government,public_curated_registry,deterministic_sample_seed_42,2026-08-17T19:48:05.066232+00:00
stat.gov.pl,https://stat.gov.pl,Government,public_curated_registry,deterministic_sample_seed_42,2026-08-17T19:48:05.066232+00:00
statcan.gc.ca,https://statcan.gc.ca,Government,public_curated_registry,deterministic_sample_seed_42,2026-08-17T19:48:05.066232+00:00
state.gov,https://state.gov,Government,public_curated_registry,deterministic_sample_seed_42,2026-08-17T19:48:05.066232+00:00
statistics.gr,https://statistics.gr,Government,public_curated_registry,deterministic_sample_seed_42,2026-08-17T19:48:05.066232+00:00
statistik.at,https://statistik.at,Government,public_curated_registry,deterministic_sample_seed_42,2026-08-17T19:48:05.066232+00:00
statssa.gov.za,https://statssa.gov.za,Government,public_curated_registry,deterministic_sample_seed_42,2026-08-17T19:48:05.066232+00:00
stortinget.no,https://stortinget.no,Government,public_curated_registry,deterministic_sample_seed_42,2026-08-17T19:48:05.066232+00:00
supremecourt.gov,https://supremecourt.gov,Government,public_curated_registry,deterministic_sample_seed_42,2026-08-17T19:48:05.066232+00:00
texas.gov,https://texas.gov,Government,public_curated_registry,deterministic_sample_seed_42,2026-08-17T19:48:05.066232+00:00
tn.gov,https://tn.gov,Government,public_curated_registry,deterministic_sample_seed_42,2026-08-17T19:48:05.066232+00:00
transportation.gov,https://transportation.gov,Government,public_curated_registry,deterministic_sample_seed_42,2026-08-17T19:48:05.066232+00:00
treasury.gov,https://treasury.gov,Government,public_curated_registry,deterministic_sample_seed_42,2026-08-17T19:48:05.066232+00:00
tweedekamer.nl,https://tweedekamer.nl,Government,public_curated_registry,deterministic_sample_seed_42,2026-08-17T19:48:05.066232+00:00
usa.gov,https://usa.gov,Government,public_curated_registry,deterministic_sample_seed_42,2026-08-17T19:48:05.066232+00:00
usda.gov,https://usda.gov,Government,public_curated_registry,deterministic_sample_seed_42,2026-08-17T19:48:05.066232+00:00
usgs.gov,https://usgs.gov,Government,public_curated_registry,deterministic_sample_seed_42,2026-08-17T19:48:05.066232+00:00
uspto.gov,https://uspto.gov,Government,public_curated_registry,deterministic_sample_seed_42,2026-08-17T19:48:05.066232+00:00
utah.gov,https://utah.gov,Government,public_curated_registry,deterministic_sample_seed_42,2026-08-17T19:48:05.066232+00:00
va.gov,https://va.gov,Government,public_curated_registry,deterministic_sample_seed_42,2026-08-17T19:48:05.066232+00:00
valtioneuvosto.fi,https://valtioneuvosto.fi,Government,public_curated_registry,deterministic_sample_seed_42,2026-08-17T19:48:05.066232+00:00
vermont.gov,https://vermont.gov,Government,public_curated_registry,deterministic_sample_seed_42,2026-08-17T19:48:05.066232+00:00
virginia.gov,https://virginia.gov,Government,public_curated_registry,deterministic_sample_seed_42,2026-08-17T19:48:05.066232+00:00
vlada.cz,https://vlada.cz,Government,public_curated_registry,deterministic_sample_seed_42,2026-08-17T19:48:05.066232+00:00
wa.gov,https://wa.gov,Government,public_curated_registry,deterministic_sample_seed_42,2026-08-17T19:48:05.066232+00:00
whitehouse.gov,https://whitehouse.gov,Government,public_curated_registry,deterministic_sample_seed_42,2026-08-17T19:48:05.066232+00:00
wisconsin.gov,https://wisconsin.gov,Government,public_curated_registry,deterministic_sample_seed_42,2026-08-17T19:48:05.066232+00:00
wv.gov,https://wv.gov,Government,public_curated_registry,deterministic_sample_seed_42,2026-08-17T19:48:05.066232+00:00
wyoming.gov,https://wyoming.gov,Government,public_curated_registry,deterministic_sample_seed_42,2026-08-17T19:48:05.066232+00:00
acm.org,https://acm.org,Nonprofits,public_curated_registry,deterministic_sample_seed_42,2026-08-17T19:48:05.066232+00:00
alz.org,https://alz.org,Nonprofits,public_curated_registry,deterministic_sample_seed_42,2026-08-17T19:48:05.066232+00:00
amnesty.org,https://amnesty.org,Nonprofits,public_curated_registry,deterministic_sample_seed_42,2026-08-17T19:48:05.066232+00:00
amnh.org,https://amnh.org,Nonprofits,public_curated_registry,deterministic_sample_seed_42,2026-08-17T19:48:05.066232+00:00
archive.org,https://archive.org,Nonprofits,public_curated_registry,deterministic_sample_seed_42,2026-08-17T19:48:05.066232+00:00
artic.edu,https://artic.edu,Nonprofits,public_curated_registry,deterministic_sample_seed_42,2026-08-17T19:48:05.066232+00:00
arxiv.org,https://arxiv.org,Nonprofits,public_curated_registry,deterministic_sample_seed_42,2026-08-17T19:48:05.066232+00:00
audubon.org,https://audubon.org,Nonprofits,public_curated_registry,deterministic_sample_seed_42,2026-08-17T19:48:05.066232+00:00
bac-lac.gc.ca,https://bac-lac.gc.ca,Nonprofits,public_curated_registry,deterministic_sample_seed_42,2026-08-17T19:48:05.066232+00:00
biorxiv.org,https://biorxiv.org,Nonprofits,public_curated_registry,deterministic_sample_seed_42,2026-08-17T19:48:05.066232+00:00
bl.uk,https://bl.uk,Nonprofits,public_curated_registry,deterministic_sample_seed_42,2026-08-17T19:48:05.066232+00:00
bne.es,https://bne.es,Nonprofits,public_curated_registry,deterministic_sample_seed_42,2026-08-17T19:48:05.066232+00:00
bnf.fr,https://bnf.fr,Nonprofits,public_curated_registry,deterministic_sample_seed_42,2026-08-17T19:48:05.066232+00:00
britishmuseum.org,https://britishmuseum.org,Nonprofits,public_curated_registry,deterministic_sample_seed_42,2026-08-17T19:48:05.066232+00:00
brookings.edu,https://brookings.edu,Nonprofits,public_curated_registry,deterministic_sample_seed_42,2026-08-17T19:48:05.066232+00:00
bruegel.org,https://bruegel.org,Nonprofits,public_curated_registry,deterministic_sample_seed_42,2026-08-17T19:48:05.066232+00:00
cancer.org,https://cancer.org,Nonprofits,public_curated_registry,deterministic_sample_seed_42,2026-08-17T19:48:05.066232+00:00
cancerresearchuk.org,https://cancerresearchuk.org,Nonprofits,public_curated_registry,deterministic_sample_seed_42,2026-08-17T19:48:05.066232+00:00
carlsbergfondet.dk,https://carlsbergfondet.dk,Nonprofits,public_curated_registry,deterministic_sample_seed_42,2026-08-17T19:48:05.066232+00:00
carnegie.org,https://carnegie.org,Nonprofits,public_curated_registry,deterministic_sample_seed_42,2026-08-17T19:48:05.066232+00:00
ceps.eu,https://ceps.eu,Nonprofits,public_curated_registry,deterministic_sample_seed_42,2026-08-17T19:48:05.066232+00:00
cern.ch,https://cern.ch,Nonprofits,public_curated_registry,deterministic_sample_seed_42,2026-08-17T19:48:05.066232+00:00
cfr.org,https://cfr.org,Nonprofits,public_curated_registry,deterministic_sample_seed_42,2026-08-17T19:48:05.066232+00:00
chathamhouse.org,https://chathamhouse.org,Nonprofits,public_curated_registry,deterministic_sample_seed_42,2026-08-17T19:48:05.066232+00:00
conservation.org,https://conservation.org,Nonprofits,public_curated_registry,deterministic_sample_seed_42,2026-08-17T19:48:05.066232+00:00
cpj.org,https://cpj.org,Nonprofits,public_curated_registry,deterministic_sample_seed_42,2026-08-17T19:48:05.066232+00:00
creativecitizens.org,https://creativecitizens.org,Nonprofits,public_curated_registry,deterministic_sample_seed_42,2026-08-17T19:48:05.066232+00:00
creativecommons.org,https://creativecommons.org,Nonprofits,public_curated_registry,deterministic_sample_seed_42,2026-08-17T19:48:05.066232+00:00
crossref.org,https://crossref.org,Nonprofits,public_curated_registry,deterministic_sample_seed_42,2026-08-17T19:48:05.066232+00:00
csis.org,https://csis.org,Nonprofits,public_curated_registry,deterministic_sample_seed_42,2026-08-17T19:48:05.066232+00:00
datacite.org,https://datacite.org,Nonprofits,public_curated_registry,deterministic_sample_seed_42,2026-08-17T19:48:05.066232+00:00
defenders.org,https://defenders.org,Nonprofits,public_curated_registry,deterministic_sample_seed_42,2026-08-17T19:48:05.066232+00:00
diabetes.org,https://diabetes.org,Nonprofits,public_curated_registry,deterministic_sample_seed_42,2026-08-17T19:48:05.066232+00:00
dnb.de,https://dnb.de,Nonprofits,public_curated_registry,deterministic_sample_seed_42,2026-08-17T19:48:05.066232+00:00
doaj.org,https://doaj.org,Nonprofits,public_curated_registry,deterministic_sample_seed_42,2026-08-17T19:48:05.066232+00:00
doctorswithoutborders.org,https://doctorswithoutborders.org,Nonprofits,public_curated_registry,deterministic_sample_seed_42,2026-08-17T19:48:05.066232+00:00
edf.org,https://edf.org,Nonprofits,public_curated_registry,deterministic_sample_seed_42,2026-08-17T19:48:05.066232+00:00
eff.org,https://eff.org,Nonprofits,public_curated_registry,deterministic_sample_seed_42,2026-08-17T19:48:05.066232+00:00
english-heritage.org.uk,https://english-heritage.org.uk,Nonprofits,public_curated_registry,deterministic_sample_seed_42,2026-08-17T19:48:05.066232+00:00
esa.int,https://esa.int,Nonprofits,public_curated_registry,deterministic_sample_seed_42,2026-08-17T19:48:05.066232+00:00
fieldmuseum.org,https://fieldmuseum.org,Nonprofits,public_curated_registry,deterministic_sample_seed_42,2026-08-17T19:48:05.066232+00:00
fordfoundation.org,https://fordfoundation.org,Nonprofits,public_curated_registry,deterministic_sample_seed_42,2026-08-17T19:48:05.066232+00:00
foundation-002.org,https://foundation-002.org,Nonprofits,public_curated_registry,deterministic_sample_seed_42,2026-08-17T19:48:05.066232+00:00
foundation-004.org,https://foundation-004.org,Nonprofits,public_curated_registry,deterministic_sample_seed_42,2026-08-17T19:48:05.066232+00:00
foundation-006.org,https://foundation-006.org,Nonprofits,public_curated_registry,deterministic_sample_seed_42,2026-08-17T19:48:05.066232+00:00
foundation-008.org,https://foundation-008.org,Nonprofits,public_curated_registry,deterministic_sample_seed_42,2026-08-17T19:48:05.066232+00:00
foundation-010.org,https://foundation-010.org,Nonprofits,public_curated_registry,deterministic_sample_seed_42,2026-08-17T19:48:05.066232+00:00
foundation-012.org,https://foundation-012.org,Nonprofits,public_curated_registry,deterministic_sample_seed_42,2026-08-17T19:48:05.066232+00:00
foundation-014.org,https://foundation-014.org,Nonprofits,public_curated_registry,deterministic_sample_seed_42,2026-08-17T19:48:05.066232+00:00
foundation-016.org,https://foundation-016.org,Nonprofits,public_curated_registry,deterministic_sample_seed_42,2026-08-17T19:48:05.066232+00:00
foundation-018.org,https://foundation-018.org,Nonprofits,public_curated_registry,deterministic_sample_seed_42,2026-08-17T19:48:05.066232+00:00
foundation-020.org,https://foundation-020.org,Nonprofits,public_curated_registry,deterministic_sample_seed_42,2026-08-17T19:48:05.066232+00:00
foundation-022.org,https://foundation-022.org,Nonprofits,public_curated_registry,deterministic_sample_seed_42,2026-08-17T19:48:05.066232+00:00
freedomhouse.org,https://freedomhouse.org,Nonprofits,public_curated_registry,deterministic_sample_seed_42,2026-08-17T19:48:05.066232+00:00
fsf.org,https://fsf.org,Nonprofits,public_curated_registry,deterministic_sample_seed_42,2026-08-17T19:48:05.066232+00:00
gatesfoundation.org,https://gatesfoundation.org,Nonprofits,public_curated_registry,deterministic_sample_seed_42,2026-08-17T19:48:05.066232+00:00
girlscouts.org,https://girlscouts.org,Nonprofits,public_curated_registry,deterministic_sample_seed_42,2026-08-17T19:48:05.066232+00:00
goodwill.org,https://goodwill.org,Nonprofits,public_curated_registry,deterministic_sample_seed_42,2026-08-17T19:48:05.066232+00:00
greenpeace.org,https://greenpeace.org,Nonprofits,public_curated_registry,deterministic_sample_seed_42,2026-08-17T19:48:05.066232+00:00
gutenberg.org,https://gutenberg.org,Nonprofits,public_curated_registry,deterministic_sample_seed_42,2026-08-17T19:48:05.066232+00:00
habitat.org,https://habitat.org,Nonprofits,public_curated_registry,deterministic_sample_seed_42,2026-08-17T19:48:05.066232+00:00
heart.org,https://heart.org,Nonprofits,public_curated_registry,deterministic_sample_seed_42,2026-08-17T19:48:05.066232+00:00
hewlett.org,https://hewlett.org,Nonprofits,public_curated_registry,deterministic_sample_seed_42,2026-08-17T19:48:05.066232+00:00
historicenvironment.scot,https://historicenvironment.scot,Nonprofits,public_curated_registry,deterministic_sample_seed_42,2026-08-17T19:48:05.066232+00:00
hrw.org,https://hrw.org,Nonprofits,public_curated_registry,deterministic_sample_seed_42,2026-08-17T19:48:05.066232+00:00
iana.org,https://iana.org,Nonprofits,public_curated_registry,deterministic_sample_seed_42,2026-08-17T19:48:05.066232+00:00
icann.org,https://icann.org,Nonprofits,public_curated_registry,deterministic_sample_seed_42,2026-08-17T19:48:05.066232+00:00
icij.org,https://icij.org,Nonprofits,public_curated_registry,deterministic_sample_seed_42,2026-08-17T19:48:05.066232+00:00
ieee.org,https://ieee.org,Nonprofits,public_curated_registry,deterministic_sample_seed_42,2026-08-17T19:48:05.066232+00:00
ietf.org,https://ietf.org,Nonprofits,public_curated_registry,deterministic_sample_seed_42,2026-08-17T19:48:05.066232+00:00
iiss.org,https://iiss.org,Nonprofits,public_curated_registry,deterministic_sample_seed_42,2026-08-17T19:48:05.066232+00:00
imf.org,https://imf.org,Nonprofits,public_curated_registry,deterministic_sample_seed_42,2026-08-17T19:48:05.066232+00:00
institute-001.org,https://institute-001.org,Nonprofits,public_curated_registry,deterministic_sample_seed_42,2026-08-17T19:48:05.066232+00:00
institute-003.org,https://institute-003.org,Nonprofits,public_curated_registry,deterministic_sample_seed_42,2026-08-17T19:48:05.066232+00:00
institute-005.org,https://institute-005.org,Nonprofits,public_curated_registry,deterministic_sample_seed_42,2026-08-17T19:48:05.066232+00:00
institute-007.org,https://institute-007.org,Nonprofits,public_curated_registry,deterministic_sample_seed_42,2026-08-17T19:48:05.066232+00:00
institute-009.org,https://institute-009.org,Nonprofits,public_curated_registry,deterministic_sample_seed_42,2026-08-17T19:48:05.066232+00:00
institute-011.org,https://institute-011.org,Nonprofits,public_curated_registry,deterministic_sample_seed_42,2026-08-17T19:48:05.066232+00:00
institute-013.org,https://institute-013.org,Nonprofits,public_curated_registry,deterministic_sample_seed_42,2026-08-17T19:48:05.066232+00:00
institute-015.org,https://institute-015.org,Nonprofits,public_curated_registry,deterministic_sample_seed_42,2026-08-17T19:48:05.066232+00:00
institute-017.org,https://institute-017.org,Nonprofits,public_curated_registry,deterministic_sample_seed_42,2026-08-17T19:48:05.066232+00:00
institute-019.org,https://institute-019.org,Nonprofits,public_curated_registry,deterministic_sample_seed_42,2026-08-17T19:48:05.066232+00:00
institute-021.org,https://institute-021.org,Nonprofits,public_curated_registry,deterministic_sample_seed_42,2026-08-17T19:48:05.066232+00:00
internetsociety.org,https://internetsociety.org,Nonprofits,public_curated_registry,deterministic_sample_seed_42,2026-08-17T19:48:05.066232+00:00
kb.dk,https://kb.dk,Nonprofits,public_curated_registry,deterministic_sample_seed_42,2026-08-17T19:48:05.066232+00:00
kb.nl,https://kb.nl,Nonprofits,public_curated_registry,deterministic_sample_seed_42,2026-08-17T19:48:05.066232+00:00
kellogg.org,https://kellogg.org,Nonprofits,public_curated_registry,deterministic_sample_seed_42,2026-08-17T19:48:05.066232+00:00
lionsclubs.org,https://lionsclubs.org,Nonprofits,public_curated_registry,deterministic_sample_seed_42,2026-08-17T19:48:05.066232+00:00
louvre.fr,https://louvre.fr,Nonprofits,public_curated_registry,deterministic_sample_seed_42,2026-08-17T19:48:05.066232+00:00
macfound.org,https://macfound.org,Nonprofits,public_curated_registry,deterministic_sample_seed_42,2026-08-17T19:48:05.066232+00:00
medrxiv.org,https://medrxiv.org,Nonprofits,public_curated_registry,deterministic_sample_seed_42,2026-08-17T19:48:05.066232+00:00
mellon.org,https://mellon.org,Nonprofits,public_curated_registry,deterministic_sample_seed_42,2026-08-17T19:48:05.066232+00:00
metmuseum.org,https://metmuseum.org,Nonprofits,public_curated_registry,deterministic_sample_seed_42,2026-08-17T19:48:05.066232+00:00
moma.org,https://moma.org,Nonprofits,public_curated_registry,deterministic_sample_seed_42,2026-08-17T19:48:05.066232+00:00
moore.org,https://moore.org,Nonprofits,public_curated_registry,deterministic_sample_seed_42,2026-08-17T19:48:05.066232+00:00
nationaltrust.org.uk,https://nationaltrust.org.uk,Nonprofits,public_curated_registry,deterministic_sample_seed_42,2026-08-17T19:48:05.066232+00:00
nature.org,https://nature.org,Nonprofits,public_curated_registry,deterministic_sample_seed_42,2026-08-17T19:48:05.066232+00:00
nb.no,https://nb.no,Nonprofits,public_curated_registry,deterministic_sample_seed_42,2026-08-17T19:48:05.066232+00:00
ndl.go.jp,https://ndl.go.jp,Nonprofits,public_curated_registry,deterministic_sample_seed_42,2026-08-17T19:48:05.066232+00:00
nga.gov,https://nga.gov,Nonprofits,public_curated_registry,deterministic_sample_seed_42,2026-08-17T19:48:05.066232+00:00
nla.gov.au,https://nla.gov.au,Nonprofits,public_curated_registry,deterministic_sample_seed_42,2026-08-17T19:48:05.066232+00:00
nlc.cn,https://nlc.cn,Nonprofits,public_curated_registry,deterministic_sample_seed_42,2026-08-17T19:48:05.066232+00:00
nli.org.il,https://nli.org.il,Nonprofits,public_curated_registry,deterministic_sample_seed_42,2026-08-17T19:48:05.066232+00:00
nrdc.org,https://nrdc.org,Nonprofits,public_curated_registry,deterministic_sample_seed_42,2026-08-17T19:48:05.066232+00:00
nypl.org,https://nypl.org,Nonprofits,public_curated_registry,deterministic_sample_seed_42,2026-08-17T19:48:05.066232+00:00
oceanconservancy.org,https://oceanconservancy.org,Nonprofits,public_curated_registry,deterministic_sample_seed_42,2026-08-17T19:48:05.066232+00:00
oecd.org,https://oecd.org,Nonprofits,public_curated_registry,deterministic_sample_seed_42,2026-08-17T19:48:05.066232+00:00
okfn.org,https://okfn.org,Nonprofits,public_curated_registry,deterministic_sample_seed_42,2026-08-17T19:48:05.066232+00:00
opencontent.org,https://opencontent.org,Nonprofits,public_curated_registry,deterministic_sample_seed_42,2026-08-17T19:48:05.066232+00:00
opensecrets.org,https://opensecrets.org,Nonprofits,public_curated_registry,deterministic_sample_seed_42,2026-08-17T19:48:05.066232+00:00
opensocietyfoundations.org,https://opensocietyfoundations.org,Nonprofits,public_curated_registry,deterministic_sample_seed_42,2026-08-17T19:48:05.066232+00:00
orcid.org,https://orcid.org,Nonprofits,public_curated_registry,deterministic_sample_seed_42,2026-08-17T19:48:05.066232+00:00
oxfam.org,https://oxfam.org,Nonprofits,public_curated_registry,deterministic_sample_seed_42,2026-08-17T19:48:05.066232+00:00
packard.org,https://packard.org,Nonprofits,public_curated_registry,deterministic_sample_seed_42,2026-08-17T19:48:05.066232+00:00
pewresearch.org,https://pewresearch.org,Nonprofits,public_curated_registry,deterministic_sample_seed_42,2026-08-17T19:48:05.066232+00:00
plos.org,https://plos.org,Nonprofits,public_curated_registry,deterministic_sample_seed_42,2026-08-17T19:48:05.066232+00:00
prado.es,https://prado.es,Nonprofits,public_curated_registry,deterministic_sample_seed_42,2026-08-17T19:48:05.066232+00:00
propublica.org,https://propublica.org,Nonprofits,public_curated_registry,deterministic_sample_seed_42,2026-08-17T19:48:05.066232+00:00
publicknowledge.org,https://publicknowledge.org,Nonprofits,public_curated_registry,deterministic_sample_seed_42,2026-08-17T19:48:05.066232+00:00
rand.org,https://rand.org,Nonprofits,public_curated_registry,deterministic_sample_seed_42,2026-08-17T19:48:05.066232+00:00
redcross.org,https://redcross.org,Nonprofits,public_curated_registry,deterministic_sample_seed_42,2026-08-17T19:48:05.066232+00:00
rijksmuseum.nl,https://rijksmuseum.nl,Nonprofits,public_curated_registry,deterministic_sample_seed_42,2026-08-17T19:48:05.066232+00:00
rockefellerfoundation.org,https://rockefellerfoundation.org,Nonprofits,public_curated_registry,deterministic_sample_seed_42,2026-08-17T19:48:05.066232+00:00
rotary.org,https://rotary.org,Nonprofits,public_curated_registry,deterministic_sample_seed_42,2026-08-17T19:48:05.066232+00:00
rsf.org,https://rsf.org,Nonprofits,public_curated_registry,deterministic_sample_seed_42,2026-08-17T19:48:05.066232+00:00
rspb.org.uk,https://rspb.org.uk,Nonprofits,public_curated_registry,deterministic_sample_seed_42,2026-08-17T19:48:05.066232+00:00
salvationarmy.org,https://salvationarmy.org,Nonprofits,public_curated_registry,deterministic_sample_seed_42,2026-08-17T19:48:05.066232+00:00
scouting.org,https://scouting.org,Nonprofits,public_curated_registry,deterministic_sample_seed_42,2026-08-17T19:48:05.066232+00:00
si.edu,https://si.edu,Nonprofits,public_curated_registry,deterministic_sample_seed_42,2026-08-17T19:48:05.066232+00:00
sierraclub.org,https://sierraclub.org,Nonprofits,public_curated_registry,deterministic_sample_seed_42,2026-08-17T19:48:05.066232+00:00
sipri.org,https://sipri.org,Nonprofits,public_curated_registry,deterministic_sample_seed_42,2026-08-17T19:48:05.066232+00:00
smithsonian.org,https://smithsonian.org,Nonprofits,public_curated_registry,deterministic_sample_seed_42,2026-08-17T19:48:05.066232+00:00
sparcopen.org,https://sparcopen.org,Nonprofits,public_curated_registry,deterministic_sample_seed_42,2026-08-17T19:48:05.066232+00:00
ssrn.com,https://ssrn.com,Nonprofits,public_curated_registry,deterministic_sample_seed_42,2026-08-17T19:48:05.066232+00:00
templeton.org,https://templeton.org,Nonprofits,public_curated_registry,deterministic_sample_seed_42,2026-08-17T19:48:05.066232+00:00
transparency.org,https://transparency.org,Nonprofits,public_curated_registry,deterministic_sample_seed_42,2026-08-17T19:48:05.066232+00:00
un.org,https://un.org,Nonprofits,public_curated_registry,deterministic_sample_seed_42,2026-08-17T19:48:05.066232+00:00
unesco.org,https://unesco.org,Nonprofits,public_curated_registry,deterministic_sample_seed_42,2026-08-17T19:48:05.066232+00:00
unicef.org,https://unicef.org,Nonprofits,public_curated_registry,deterministic_sample_seed_42,2026-08-17T19:48:05.066232+00:00
unitedway.org,https://unitedway.org,Nonprofits,public_curated_registry,deterministic_sample_seed_42,2026-08-17T19:48:05.066232+00:00
w3.org,https://w3.org,Nonprofits,public_curated_registry,deterministic_sample_seed_42,2026-08-17T19:48:05.066232+00:00
wellcome.org,https://wellcome.org,Nonprofits,public_curated_registry,deterministic_sample_seed_42,2026-08-17T19:48:05.066232+00:00
who.int,https://who.int,Nonprofits,public_curated_registry,deterministic_sample_seed_42,2026-08-17T19:48:05.066232+00:00
wikimedia.org,https://wikimedia.org,Nonprofits,public_curated_registry,deterministic_sample_seed_42,2026-08-17T19:48:05.066232+00:00
wikipedia.org,https://wikipedia.org,Nonprofits,public_curated_registry,deterministic_sample_seed_42,2026-08-17T19:48:05.066232+00:00
worldbank.org,https://worldbank.org,Nonprofits,public_curated_registry,deterministic_sample_seed_42,2026-08-17T19:48:05.066232+00:00
worldwildlife.org,https://worldwildlife.org,Nonprofits,public_curated_registry,deterministic_sample_seed_42,2026-08-17T19:48:05.066232+00:00
wto.org,https://wto.org,Nonprofits,public_curated_registry,deterministic_sample_seed_42,2026-08-17T19:48:05.066232+00:00
wwf.org.uk,https://wwf.org.uk,Nonprofits,public_curated_registry,deterministic_sample_seed_42,2026-08-17T19:48:05.066232+00:00
ymca.org,https://ymca.org,Nonprofits,public_curated_registry,deterministic_sample_seed_42,2026-08-17T19:48:05.066232+00:00
3m.com,https://3m.com,Long-running companies,public_curated_registry,deterministic_sample_seed_42,2026-08-17T19:48:05.066232+00:00
abb.com,https://abb.com,Long-running companies,public_curated_registry,deterministic_sample_seed_42,2026-08-17T19:48:05.066232+00:00
airbus.com,https://airbus.com,Long-running companies,public_curated_registry,deterministic_sample_seed_42,2026-08-17T19:48:05.066232+00:00
alstom.com,https://alstom.com,Long-running companies,public_curated_registry,deterministic_sample_seed_42,2026-08-17T19:48:05.066232+00:00
amd.com,https://amd.com,Long-running companies,public_curated_registry,deterministic_sample_seed_42,2026-08-17T19:48:05.066232+00:00
analog.com,https://analog.com,Long-running companies,public_curated_registry,deterministic_sample_seed_42,2026-08-17T19:48:05.066232+00:00
apple.com,https://apple.com,Long-running companies,public_curated_registry,deterministic_sample_seed_42,2026-08-17T19:48:05.066232+00:00
astrazeneca.com,https://astrazeneca.com,Long-running companies,public_curated_registry,deterministic_sample_seed_42,2026-08-17T19:48:05.066232+00:00
att.com,https://att.com,Long-running companies,public_curated_registry,deterministic_sample_seed_42,2026-08-17T19:48:05.066232+00:00
baesystems.com,https://baesystems.com,Long-running companies,public_curated_registry,deterministic_sample_seed_42,2026-08-17T19:48:05.066232+00:00
basf.com,https://basf.com,Long-running companies,public_curated_registry,deterministic_sample_seed_42,2026-08-17T19:48:05.066232+00:00
bayer.com,https://bayer.com,Long-running companies,public_curated_registry,deterministic_sample_seed_42,2026-08-17T19:48:05.066232+00:00
bell.ca,https://bell.ca,Long-running companies,public_curated_registry,deterministic_sample_seed_42,2026-08-17T19:48:05.066232+00:00
bmwgroup.com,https://bmwgroup.com,Long-running companies,public_curated_registry,deterministic_sample_seed_42,2026-08-17T19:48:05.066232+00:00
boeing.com,https://boeing.com,Long-running companies,public_curated_registry,deterministic_sample_seed_42,2026-08-17T19:48:05.066232+00:00
bp.com,https://bp.com,Long-running companies,public_curated_registry,deterministic_sample_seed_42,2026-08-17T19:48:05.066232+00:00
bridgestone.com,https://bridgestone.com,Long-running companies,public_curated_registry,deterministic_sample_seed_42,2026-08-17T19:48:05.066232+00:00
broadcom.com,https://broadcom.com,Long-running companies,public_curated_registry,deterministic_sample_seed_42,2026-08-17T19:48:05.066232+00:00
bt.com,https://bt.com,Long-running companies,public_curated_registry,deterministic_sample_seed_42,2026-08-17T19:48:05.066232+00:00
canon.com,https://canon.com,Long-running companies,public_curated_registry,deterministic_sample_seed_42,2026-08-17T19:48:05.066232+00:00
casio.com,https://casio.com,Long-running companies,public_curated_registry,deterministic_sample_seed_42,2026-08-17T19:48:05.066232+00:00
caterpillar.com,https://caterpillar.com,Long-running companies,public_curated_registry,deterministic_sample_seed_42,2026-08-17T19:48:05.066232+00:00
chevron.com,https://chevron.com,Long-running companies,public_curated_registry,deterministic_sample_seed_42,2026-08-17T19:48:05.066232+00:00
cisco.com,https://cisco.com,Long-running companies,public_curated_registry,deterministic_sample_seed_42,2026-08-17T19:48:05.066232+00:00
citizenwatch.com,https://citizenwatch.com,Long-running companies,public_curated_registry,deterministic_sample_seed_42,2026-08-17T19:48:05.066232+00:00
coca-cola.com,https://coca-cola.com,Long-running companies,public_curated_registry,deterministic_sample_seed_42,2026-08-17T19:48:05.066232+00:00
continental.com,https://continental.com,Long-running companies,public_curated_registry,deterministic_sample_seed_42,2026-08-17T19:48:05.066232+00:00
corp-002.com,https://corp-002.com,Long-running companies,public_curated_registry,deterministic_sample_seed_42,2026-08-17T19:48:05.066232+00:00
corp-004.com,https://corp-004.com,Long-running companies,public_curated_registry,deterministic_sample_seed_42,2026-08-17T19:48:05.066232+00:00
corp-006.com,https://corp-006.com,Long-running companies,public_curated_registry,deterministic_sample_seed_42,2026-08-17T19:48:05.066232+00:00
corp-008.com,https://corp-008.com,Long-running companies,public_curated_registry,deterministic_sample_seed_42,2026-08-17T19:48:05.066232+00:00
corp-010.com,https://corp-010.com,Long-running companies,public_curated_registry,deterministic_sample_seed_42,2026-08-17T19:48:05.066232+00:00
corp-012.com,https://corp-012.com,Long-running companies,public_curated_registry,deterministic_sample_seed_42,2026-08-17T19:48:05.066232+00:00
corp-014.com,https://corp-014.com,Long-running companies,public_curated_registry,deterministic_sample_seed_42,2026-08-17T19:48:05.066232+00:00
corp-016.com,https://corp-016.com,Long-running companies,public_curated_registry,deterministic_sample_seed_42,2026-08-17T19:48:05.066232+00:00
corp-018.com,https://corp-018.com,Long-running companies,public_curated_registry,deterministic_sample_seed_42,2026-08-17T19:48:05.066232+00:00
cup.org,https://cup.org,Long-running companies,public_curated_registry,deterministic_sample_seed_42,2026-08-17T19:48:05.066232+00:00
daimler.com,https://daimler.com,Long-running companies,public_curated_registry,deterministic_sample_seed_42,2026-08-17T19:48:05.066232+00:00
danone.com,https://danone.com,Long-running companies,public_curated_registry,deterministic_sample_seed_42,2026-08-17T19:48:05.066232+00:00
deere.com,https://deere.com,Long-running companies,public_curated_registry,deterministic_sample_seed_42,2026-08-17T19:48:05.066232+00:00
dell.com,https://dell.com,Long-running companies,public_curated_registry,deterministic_sample_seed_42,2026-08-17T19:48:05.066232+00:00
deutschetelekom.com,https://deutschetelekom.com,Long-running companies,public_curated_registry,deterministic_sample_seed_42,2026-08-17T19:48:05.066232+00:00
dow.com,https://dow.com,Long-running companies,public_curated_registry,deterministic_sample_seed_42,2026-08-17T19:48:05.066232+00:00
dupont.com,https://dupont.com,Long-running companies,public_curated_registry,deterministic_sample_seed_42,2026-08-17T19:48:05.066232+00:00
edf.fr,https://edf.fr,Long-running companies,public_curated_registry,deterministic_sample_seed_42,2026-08-17T19:48:05.066232+00:00
elsevier.com,https://elsevier.com,Long-running companies,public_curated_registry,deterministic_sample_seed_42,2026-08-17T19:48:05.066232+00:00
enel.com,https://enel.com,Long-running companies,public_curated_registry,deterministic_sample_seed_42,2026-08-17T19:48:05.066232+00:00
engie.com,https://engie.com,Long-running companies,public_curated_registry,deterministic_sample_seed_42,2026-08-17T19:48:05.066232+00:00
eni.com,https://eni.com,Long-running companies,public_curated_registry,deterministic_sample_seed_42,2026-08-17T19:48:05.066232+00:00
eon.com,https://eon.com,Long-running companies,public_curated_registry,deterministic_sample_seed_42,2026-08-17T19:48:05.066232+00:00
equinor.com,https://equinor.com,Long-running companies,public_curated_registry,deterministic_sample_seed_42,2026-08-17T19:48:05.066232+00:00
exxonmobil.com,https://exxonmobil.com,Long-running companies,public_curated_registry,deterministic_sample_seed_42,2026-08-17T19:48:05.066232+00:00
ford.com,https://ford.com,Long-running companies,public_curated_registry,deterministic_sample_seed_42,2026-08-17T19:48:05.066232+00:00
fujitsu.com,https://fujitsu.com,Long-running companies,public_curated_registry,deterministic_sample_seed_42,2026-08-17T19:48:05.066232+00:00
ge.com,https://ge.com,Long-running companies,public_curated_registry,deterministic_sample_seed_42,2026-08-17T19:48:05.066232+00:00
general-dynamics.com,https://general-dynamics.com,Long-running companies,public_curated_registry,deterministic_sample_seed_42,2026-08-17T19:48:05.066232+00:00
generalmills.com,https://generalmills.com,Long-running companies,public_curated_registry,deterministic_sample_seed_42,2026-08-17T19:48:05.066232+00:00
goodyear.com,https://goodyear.com,Long-running companies,public_curated_registry,deterministic_sample_seed_42,2026-08-17T19:48:05.066232+00:00
gsk.com,https://gsk.com,Long-running companies,public_curated_registry,deterministic_sample_seed_42,2026-08-17T19:48:05.066232+00:00
hitachi.com,https://hitachi.com,Long-running companies,public_curated_registry,deterministic_sample_seed_42,2026-08-17T19:48:05.066232+00:00
honda.com,https://honda.com,Long-running companies,public_curated_registry,deterministic_sample_seed_42,2026-08-17T19:48:05.066232+00:00
hp.com,https://hp.com,Long-running companies,public_curated_registry,deterministic_sample_seed_42,2026-08-17T19:48:05.066232+00:00
iberdrola.com,https://iberdrola.com,Long-running companies,public_curated_registry,deterministic_sample_seed_42,2026-08-17T19:48:05.066232+00:00
ibm.com,https://ibm.com,Long-running companies,public_curated_registry,deterministic_sample_seed_42,2026-08-17T19:48:05.066232+00:00
industries-001.co.uk,https://industries-001.co.uk,Long-running companies,public_curated_registry,deterministic_sample_seed_42,2026-08-17T19:48:05.066232+00:00
industries-003.co.uk,https://industries-003.co.uk,Long-running companies,public_curated_registry,deterministic_sample_seed_42,2026-08-17T19:48:05.066232+00:00
industries-005.co.uk,https://industries-005.co.uk,Long-running companies,public_curated_registry,deterministic_sample_seed_42,2026-08-17T19:48:05.066232+00:00
industries-007.co.uk,https://industries-007.co.uk,Long-running companies,public_curated_registry,deterministic_sample_seed_42,2026-08-17T19:48:05.066232+00:00
industries-009.co.uk,https://industries-009.co.uk,Long-running companies,public_curated_registry,deterministic_sample_seed_42,2026-08-17T19:48:05.066232+00:00
industries-011.co.uk,https://industries-011.co.uk,Long-running companies,public_curated_registry,deterministic_sample_seed_42,2026-08-17T19:48:05.066232+00:00
industries-013.co.uk,https://industries-013.co.uk,Long-running companies,public_curated_registry,deterministic_sample_seed_42,2026-08-17T19:48:05.066232+00:00
industries-015.co.uk,https://industries-015.co.uk,Long-running companies,public_curated_registry,deterministic_sample_seed_42,2026-08-17T19:48:05.066232+00:00
industries-017.co.uk,https://industries-017.co.uk,Long-running companies,public_curated_registry,deterministic_sample_seed_42,2026-08-17T19:48:05.066232+00:00
infineon.com,https://infineon.com,Long-running companies,public_curated_registry,deterministic_sample_seed_42,2026-08-17T19:48:05.066232+00:00
intel.com,https://intel.com,Long-running companies,public_curated_registry,deterministic_sample_seed_42,2026-08-17T19:48:05.066232+00:00
jnj.com,https://jnj.com,Long-running companies,public_curated_registry,deterministic_sample_seed_42,2026-08-17T19:48:05.066232+00:00
kawasaki.com,https://kawasaki.com,Long-running companies,public_curated_registry,deterministic_sample_seed_42,2026-08-17T19:48:05.066232+00:00
kddi.com,https://kddi.com,Long-running companies,public_curated_registry,deterministic_sample_seed_42,2026-08-17T19:48:05.066232+00:00
kelloggs.com,https://kelloggs.com,Long-running companies,public_curated_registry,deterministic_sample_seed_42,2026-08-17T19:48:05.066232+00:00
komatsu.com,https://komatsu.com,Long-running companies,public_curated_registry,deterministic_sample_seed_42,2026-08-17T19:48:05.066232+00:00
leonardo.com,https://leonardo.com,Long-running companies,public_curated_registry,deterministic_sample_seed_42,2026-08-17T19:48:05.066232+00:00
lockheedmartin.com,https://lockheedmartin.com,Long-running companies,public_curated_registry,deterministic_sample_seed_42,2026-08-17T19:48:05.066232+00:00
mars.com,https://mars.com,Long-running companies,public_curated_registry,deterministic_sample_seed_42,2026-08-17T19:48:05.066232+00:00
merck.com,https://merck.com,Long-running companies,public_curated_registry,deterministic_sample_seed_42,2026-08-17T19:48:05.066232+00:00
michelin.com,https://michelin.com,Long-running companies,public_curated_registry,deterministic_sample_seed_42,2026-08-17T19:48:05.066232+00:00
microsoft.com,https://microsoft.com,Long-running companies,public_curated_registry,deterministic_sample_seed_42,2026-08-17T19:48:05.066232+00:00
mitsubishi.com,https://mitsubishi.com,Long-running companies,public_curated_registry,deterministic_sample_seed_42,2026-08-17T19:48:05.066232+00:00
mondelezinternational.com,https://mondelezinternational.com,Long-running companies,public_curated_registry,deterministic_sample_seed_42,2026-08-17T19:48:05.066232+00:00
nationalgrid.com,https://nationalgrid.com,Long-running companies,public_curated_registry,deterministic_sample_seed_42,2026-08-17T19:48:05.066232+00:00
nec.com,https://nec.com,Long-running companies,public_curated_registry,deterministic_sample_seed_42,2026-08-17T19:48:05.066232+00:00
nestle.com,https://nestle.com,Long-running companies,public_curated_registry,deterministic_sample_seed_42,2026-08-17T19:48:05.066232+00:00
nikon.com,https://nikon.com,Long-running companies,public_curated_registry,deterministic_sample_seed_42,2026-08-17T19:48:05.066232+00:00
nissan-global.com,https://nissan-global.com,Long-running companies,public_curated_registry,deterministic_sample_seed_42,2026-08-17T19:48:05.066232+00:00
northropgrumman.com,https://northropgrumman.com,Long-running companies,public_curated_registry,deterministic_sample_seed_42,2026-08-17T19:48:05.066232+00:00
novartis.com,https://novartis.com,Long-running companies,public_curated_registry,deterministic_sample_seed_42,2026-08-17T19:48:05.066232+00:00
ntt.co.jp,https://ntt.co.jp,Long-running companies,public_curated_registry,deterministic_sample_seed_42,2026-08-17T19:48:05.066232+00:00
nxp.com,https://nxp.com,Long-running companies,public_curated_registry,deterministic_sample_seed_42,2026-08-17T19:48:05.066232+00:00
oracle.com,https://oracle.com,Long-running companies,public_curated_registry,deterministic_sample_seed_42,2026-08-17T19:48:05.066232+00:00
orange.com,https://orange.com,Long-running companies,public_curated_registry,deterministic_sample_seed_42,2026-08-17T19:48:05.066232+00:00
oup.com,https://oup.com,Long-running companies,public_curated_registry,deterministic_sample_seed_42,2026-08-17T19:48:05.066232+00:00
panasonic.com,https://panasonic.com,Long-running companies,public_curated_registry,deterministic_sample_seed_42,2026-08-17T19:48:05.066232+00:00
pearson.com,https://pearson.com,Long-running companies,public_curated_registry,deterministic_sample_seed_42,2026-08-17T19:48:05.066232+00:00
pepsico.com,https://pepsico.com,Long-running companies,public_curated_registry,deterministic_sample_seed_42,2026-08-17T19:48:05.066232+00:00
pfizer.com,https://pfizer.com,Long-running companies,public_curated_registry,deterministic_sample_seed_42,2026-08-17T19:48:05.066232+00:00
pg.com,https://pg.com,Long-running companies,public_curated_registry,deterministic_sample_seed_42,2026-08-17T19:48:05.066232+00:00
philips.com,https://philips.com,Long-running companies,public_curated_registry,deterministic_sample_seed_42,2026-08-17T19:48:05.066232+00:00
pirelli.com,https://pirelli.com,Long-running companies,public_curated_registry,deterministic_sample_seed_42,2026-08-17T19:48:05.066232+00:00
qualcomm.com,https://qualcomm.com,Long-running companies,public_curated_registry,deterministic_sample_seed_42,2026-08-17T19:48:05.066232+00:00
raytheon.com,https://raytheon.com,Long-running companies,public_curated_registry,deterministic_sample_seed_42,2026-08-17T19:48:05.066232+00:00
relx.com,https://relx.com,Long-running companies,public_curated_registry,deterministic_sample_seed_42,2026-08-17T19:48:05.066232+00:00
renaultgroup.com,https://renaultgroup.com,Long-running companies,public_curated_registry,deterministic_sample_seed_42,2026-08-17T19:48:05.066232+00:00
repsol.com,https://repsol.com,Long-running companies,public_curated_registry,deterministic_sample_seed_42,2026-08-17T19:48:05.066232+00:00
ricoh.com,https://ricoh.com,Long-running companies,public_curated_registry,deterministic_sample_seed_42,2026-08-17T19:48:05.066232+00:00
roche.com,https://roche.com,Long-running companies,public_curated_registry,deterministic_sample_seed_42,2026-08-17T19:48:05.066232+00:00
rogers.com,https://rogers.com,Long-running companies,public_curated_registry,deterministic_sample_seed_42,2026-08-17T19:48:05.066232+00:00
rolls-royce.com,https://rolls-royce.com,Long-running companies,public_curated_registry,deterministic_sample_seed_42,2026-08-17T19:48:05.066232+00:00
rwe.com,https://rwe.com,Long-running companies,public_curated_registry,deterministic_sample_seed_42,2026-08-17T19:48:05.066232+00:00
saab.com,https://saab.com,Long-running companies,public_curated_registry,deterministic_sample_seed_42,2026-08-17T19:48:05.066232+00:00
sagepub.com,https://sagepub.com,Long-running companies,public_curated_registry,deterministic_sample_seed_42,2026-08-17T19:48:05.066232+00:00
saint-gobain.com,https://saint-gobain.com,Long-running companies,public_curated_registry,deterministic_sample_seed_42,2026-08-17T19:48:05.066232+00:00
sanofi.com,https://sanofi.com,Long-running companies,public_curated_registry,deterministic_sample_seed_42,2026-08-17T19:48:05.066232+00:00
schneider-electric.com,https://schneider-electric.com,Long-running companies,public_curated_registry,deterministic_sample_seed_42,2026-08-17T19:48:05.066232+00:00
seiko.co.jp,https://seiko.co.jp,Long-running companies,public_curated_registry,deterministic_sample_seed_42,2026-08-17T19:48:05.066232+00:00
shell.com,https://shell.com,Long-running companies,public_curated_registry,deterministic_sample_seed_42,2026-08-17T19:48:05.066232+00:00
siemens.com,https://siemens.com,Long-running companies,public_curated_registry,deterministic_sample_seed_42,2026-08-17T19:48:05.066232+00:00
singtel.com,https://singtel.com,Long-running companies,public_curated_registry,deterministic_sample_seed_42,2026-08-17T19:48:05.066232+00:00
softbank.jp,https://softbank.jp,Long-running companies,public_curated_registry,deterministic_sample_seed_42,2026-08-17T19:48:05.066232+00:00
sony.com,https://sony.com,Long-running companies,public_curated_registry,deterministic_sample_seed_42,2026-08-17T19:48:05.066232+00:00
springernature.com,https://springernature.com,Long-running companies,public_curated_registry,deterministic_sample_seed_42,2026-08-17T19:48:05.066232+00:00
st.com,https://st.com,Long-running companies,public_curated_registry,deterministic_sample_seed_42,2026-08-17T19:48:05.066232+00:00
stellantis.com,https://stellantis.com,Long-running companies,public_curated_registry,deterministic_sample_seed_42,2026-08-17T19:48:05.066232+00:00
t-mobile.com,https://t-mobile.com,Long-running companies,public_curated_registry,deterministic_sample_seed_42,2026-08-17T19:48:05.066232+00:00
taylorandfrancis.com,https://taylorandfrancis.com,Long-running companies,public_curated_registry,deterministic_sample_seed_42,2026-08-17T19:48:05.066232+00:00
telefónica.com,https://telefónica.com,Long-running companies,public_curated_registry,deterministic_sample_seed_42,2026-08-17T19:48:05.066232+00:00
telstra.com.au,https://telstra.com.au,Long-running companies,public_curated_registry,deterministic_sample_seed_42,2026-08-17T19:48:05.066232+00:00
texas-instruments.com,https://texas-instruments.com,Long-running companies,public_curated_registry,deterministic_sample_seed_42,2026-08-17T19:48:05.066232+00:00
thalesgroup.com,https://thalesgroup.com,Long-running companies,public_curated_registry,deterministic_sample_seed_42,2026-08-17T19:48:05.066232+00:00
thomsonreuters.com,https://thomsonreuters.com,Long-running companies,public_curated_registry,deterministic_sample_seed_42,2026-08-17T19:48:05.066232+00:00
toshiba.com,https://toshiba.com,Long-running companies,public_curated_registry,deterministic_sample_seed_42,2026-08-17T19:48:05.066232+00:00
totalenergies.com,https://totalenergies.com,Long-running companies,public_curated_registry,deterministic_sample_seed_42,2026-08-17T19:48:05.066232+00:00
toyota.com,https://toyota.com,Long-running companies,public_curated_registry,deterministic_sample_seed_42,2026-08-17T19:48:05.066232+00:00
unilever.com,https://unilever.com,Long-running companies,public_curated_registry,deterministic_sample_seed_42,2026-08-17T19:48:05.066232+00:00
verizon.com,https://verizon.com,Long-running companies,public_curated_registry,deterministic_sample_seed_42,2026-08-17T19:48:05.066232+00:00
vodafone.com,https://vodafone.com,Long-running companies,public_curated_registry,deterministic_sample_seed_42,2026-08-17T19:48:05.066232+00:00
volkswagen.com,https://volkswagen.com,Long-running companies,public_curated_registry,deterministic_sample_seed_42,2026-08-17T19:48:05.066232+00:00
volvocars.com,https://volvocars.com,Long-running companies,public_curated_registry,deterministic_sample_seed_42,2026-08-17T19:48:05.066232+00:00
wiley.com,https://wiley.com,Long-running companies,public_curated_registry,deterministic_sample_seed_42,2026-08-17T19:48:05.066232+00:00
wolterskluwer.com,https://wolterskluwer.com,Long-running companies,public_curated_registry,deterministic_sample_seed_42,2026-08-17T19:48:05.066232+00:00
xerox.com,https://xerox.com,Long-running companies,public_curated_registry,deterministic_sample_seed_42,2026-08-17T19:48:05.066232+00:00
yamaha.com,https://yamaha.com,Long-running companies,public_curated_registry,deterministic_sample_seed_42,2026-08-17T19:48:05.066232+00:00
allegro.cc,https://allegro.cc,Open-source/project sites,public_curated_registry,deterministic_sample_seed_42,2026-08-17T19:48:05.066232+00:00
apache.org,https://apache.org,Open-source/project sites,public_curated_registry,deterministic_sample_seed_42,2026-08-17T19:48:05.066232+00:00
apachefriends.org,https://apachefriends.org,Open-source/project sites,public_curated_registry,deterministic_sample_seed_42,2026-08-17T19:48:05.066232+00:00
archlinux.org,https://archlinux.org,Open-source/project sites,public_curated_registry,deterministic_sample_seed_42,2026-08-17T19:48:05.066232+00:00
audacityteam.org,https://audacityteam.org,Open-source/project sites,public_curated_registry,deterministic_sample_seed_42,2026-08-17T19:48:05.066232+00:00
bind9.net,https://bind9.net,Open-source/project sites,public_curated_registry,deterministic_sample_seed_42,2026-08-17T19:48:05.066232+00:00
blender.org,https://blender.org,Open-source/project sites,public_curated_registry,deterministic_sample_seed_42,2026-08-17T19:48:05.066232+00:00
busybox.net,https://busybox.net,Open-source/project sites,public_curated_registry,deterministic_sample_seed_42,2026-08-17T19:48:05.066232+00:00
caddy.community,https://caddy.community,Open-source/project sites,public_curated_registry,deterministic_sample_seed_42,2026-08-17T19:48:05.066232+00:00
centos.org,https://centos.org,Open-source/project sites,public_curated_registry,deterministic_sample_seed_42,2026-08-17T19:48:05.066232+00:00
cinnamon-spices.linuxmint.com,https://cinnamon-spices.linuxmint.com,Open-source/project sites,public_curated_registry,deterministic_sample_seed_42,2026-08-17T19:48:05.066232+00:00
clojure.org,https://clojure.org,Open-source/project sites,public_curated_registry,deterministic_sample_seed_42,2026-08-17T19:48:05.066232+00:00
coreboot.org,https://coreboot.org,Open-source/project sites,public_curated_registry,deterministic_sample_seed_42,2026-08-17T19:48:05.066232+00:00
curl.se,https://curl.se,Open-source/project sites,public_curated_registry,deterministic_sample_seed_42,2026-08-17T19:48:05.066232+00:00
cvshome.org,https://cvshome.org,Open-source/project sites,public_curated_registry,deterministic_sample_seed_42,2026-08-17T19:48:05.066232+00:00
cygwin.com,https://cygwin.com,Open-source/project sites,public_curated_registry,deterministic_sample_seed_42,2026-08-17T19:48:05.066232+00:00
darktable.org,https://darktable.org,Open-source/project sites,public_curated_registry,deterministic_sample_seed_42,2026-08-17T19:48:05.066232+00:00
debian.org,https://debian.org,Open-source/project sites,public_curated_registry,deterministic_sample_seed_42,2026-08-17T19:48:05.066232+00:00
dosbox.com,https://dosbox.com,Open-source/project sites,public_curated_registry,deterministic_sample_seed_42,2026-08-17T19:48:05.066232+00:00
dragonflybsd.org,https://dragonflybsd.org,Open-source/project sites,public_curated_registry,deterministic_sample_seed_42,2026-08-17T19:48:05.066232+00:00
elixir-lang.org,https://elixir-lang.org,Open-source/project sites,public_curated_registry,deterministic_sample_seed_42,2026-08-17T19:48:05.066232+00:00
emacs.org,https://emacs.org,Open-source/project sites,public_curated_registry,deterministic_sample_seed_42,2026-08-17T19:48:05.066232+00:00
enlightenment.org,https://enlightenment.org,Open-source/project sites,public_curated_registry,deterministic_sample_seed_42,2026-08-17T19:48:05.066232+00:00
erlang.org,https://erlang.org,Open-source/project sites,public_curated_registry,deterministic_sample_seed_42,2026-08-17T19:48:05.066232+00:00
fedoraproject.org,https://fedoraproject.org,Open-source/project sites,public_curated_registry,deterministic_sample_seed_42,2026-08-17T19:48:05.066232+00:00
ffmpeg.org,https://ffmpeg.org,Open-source/project sites,public_curated_registry,deterministic_sample_seed_42,2026-08-17T19:48:05.066232+00:00
foss-001.net,https://foss-001.net,Open-source/project sites,public_curated_registry,deterministic_sample_seed_42,2026-08-17T19:48:05.066232+00:00
foss-003.net,https://foss-003.net,Open-source/project sites,public_curated_registry,deterministic_sample_seed_42,2026-08-17T19:48:05.066232+00:00
foss-005.net,https://foss-005.net,Open-source/project sites,public_curated_registry,deterministic_sample_seed_42,2026-08-17T19:48:05.066232+00:00
foss-007.net,https://foss-007.net,Open-source/project sites,public_curated_registry,deterministic_sample_seed_42,2026-08-17T19:48:05.066232+00:00
foss-009.net,https://foss-009.net,Open-source/project sites,public_curated_registry,deterministic_sample_seed_42,2026-08-17T19:48:05.066232+00:00
foss-011.net,https://foss-011.net,Open-source/project sites,public_curated_registry,deterministic_sample_seed_42,2026-08-17T19:48:05.066232+00:00
foss-013.net,https://foss-013.net,Open-source/project sites,public_curated_registry,deterministic_sample_seed_42,2026-08-17T19:48:05.066232+00:00
foss-015.net,https://foss-015.net,Open-source/project sites,public_curated_registry,deterministic_sample_seed_42,2026-08-17T19:48:05.066232+00:00
foss-017.net,https://foss-017.net,Open-source/project sites,public_curated_registry,deterministic_sample_seed_42,2026-08-17T19:48:05.066232+00:00
freebsd.org,https://freebsd.org,Open-source/project sites,public_curated_registry,deterministic_sample_seed_42,2026-08-17T19:48:05.066232+00:00
freecad.org,https://freecad.org,Open-source/project sites,public_curated_registry,deterministic_sample_seed_42,2026-08-17T19:48:05.066232+00:00
freedesktop.org,https://freedesktop.org,Open-source/project sites,public_curated_registry,deterministic_sample_seed_42,2026-08-17T19:48:05.066232+00:00
freedos.org,https://freedos.org,Open-source/project sites,public_curated_registry,deterministic_sample_seed_42,2026-08-17T19:48:05.066232+00:00
gcc.gnu.org,https://gcc.gnu.org,Open-source/project sites,public_curated_registry,deterministic_sample_seed_42,2026-08-17T19:48:05.066232+00:00
gentoo.org,https://gentoo.org,Open-source/project sites,public_curated_registry,deterministic_sample_seed_42,2026-08-17T19:48:05.066232+00:00
geogebra.org,https://geogebra.org,Open-source/project sites,public_curated_registry,deterministic_sample_seed_42,2026-08-17T19:48:05.066232+00:00
gimp.org,https://gimp.org,Open-source/project sites,public_curated_registry,deterministic_sample_seed_42,2026-08-17T19:48:05.066232+00:00
git-scm.com,https://git-scm.com,Open-source/project sites,public_curated_registry,deterministic_sample_seed_42,2026-08-17T19:48:05.066232+00:00
gnome.org,https://gnome.org,Open-source/project sites,public_curated_registry,deterministic_sample_seed_42,2026-08-17T19:48:05.066232+00:00
gnu.org,https://gnu.org,Open-source/project sites,public_curated_registry,deterministic_sample_seed_42,2026-08-17T19:48:05.066232+00:00
gnupg.org,https://gnupg.org,Open-source/project sites,public_curated_registry,deterministic_sample_seed_42,2026-08-17T19:48:05.066232+00:00
godotengine.org,https://godotengine.org,Open-source/project sites,public_curated_registry,deterministic_sample_seed_42,2026-08-17T19:48:05.066232+00:00
golang.org,https://golang.org,Open-source/project sites,public_curated_registry,deterministic_sample_seed_42,2026-08-17T19:48:05.066232+00:00
grass.osgeo.org,https://grass.osgeo.org,Open-source/project sites,public_curated_registry,deterministic_sample_seed_42,2026-08-17T19:48:05.066232+00:00
haiku-os.org,https://haiku-os.org,Open-source/project sites,public_curated_registry,deterministic_sample_seed_42,2026-08-17T19:48:05.066232+00:00
handbrake.fr,https://handbrake.fr,Open-source/project sites,public_curated_registry,deterministic_sample_seed_42,2026-08-17T19:48:05.066232+00:00
haproxy.org,https://haproxy.org,Open-source/project sites,public_curated_registry,deterministic_sample_seed_42,2026-08-17T19:48:05.066232+00:00
haskell.org,https://haskell.org,Open-source/project sites,public_curated_registry,deterministic_sample_seed_42,2026-08-17T19:48:05.066232+00:00
illumos.org,https://illumos.org,Open-source/project sites,public_curated_registry,deterministic_sample_seed_42,2026-08-17T19:48:05.066232+00:00
inkscape.org,https://inkscape.org,Open-source/project sites,public_curated_registry,deterministic_sample_seed_42,2026-08-17T19:48:05.066232+00:00
isc.org,https://isc.org,Open-source/project sites,public_curated_registry,deterministic_sample_seed_42,2026-08-17T19:48:05.066232+00:00
isocpp.org,https://isocpp.org,Open-source/project sites,public_curated_registry,deterministic_sample_seed_42,2026-08-17T19:48:05.066232+00:00
julialang.org,https://julialang.org,Open-source/project sites,public_curated_registry,deterministic_sample_seed_42,2026-08-17T19:48:05.066232+00:00
kde.org,https://kde.org,Open-source/project sites,public_curated_registry,deterministic_sample_seed_42,2026-08-17T19:48:05.066232+00:00
kernel.org,https://kernel.org,Open-source/project sites,public_curated_registry,deterministic_sample_seed_42,2026-08-17T19:48:05.066232+00:00
kicad.org,https://kicad.org,Open-source/project sites,public_curated_registry,deterministic_sample_seed_42,2026-08-17T19:48:05.066232+00:00
kodi.tv,https://kodi.tv,Open-source/project sites,public_curated_registry,deterministic_sample_seed_42,2026-08-17T19:48:05.066232+00:00
krita.org,https://krita.org,Open-source/project sites,public_curated_registry,deterministic_sample_seed_42,2026-08-17T19:48:05.066232+00:00
libretro.com,https://libretro.com,Open-source/project sites,public_curated_registry,deterministic_sample_seed_42,2026-08-17T19:48:05.066232+00:00
libsdl.org,https://libsdl.org,Open-source/project sites,public_curated_registry,deterministic_sample_seed_42,2026-08-17T19:48:05.066232+00:00
lighttpd.net,https://lighttpd.net,Open-source/project sites,public_curated_registry,deterministic_sample_seed_42,2026-08-17T19:48:05.066232+00:00
llvm.org,https://llvm.org,Open-source/project sites,public_curated_registry,deterministic_sample_seed_42,2026-08-17T19:48:05.066232+00:00
lua.org,https://lua.org,Open-source/project sites,public_curated_registry,deterministic_sample_seed_42,2026-08-17T19:48:05.066232+00:00
lxde.org,https://lxde.org,Open-source/project sites,public_curated_registry,deterministic_sample_seed_42,2026-08-17T19:48:05.066232+00:00
lyx.org,https://lyx.org,Open-source/project sites,public_curated_registry,deterministic_sample_seed_42,2026-08-17T19:48:05.066232+00:00
mamedev.org,https://mamedev.org,Open-source/project sites,public_curated_registry,deterministic_sample_seed_42,2026-08-17T19:48:05.066232+00:00
mariadb.org,https://mariadb.org,Open-source/project sites,public_curated_registry,deterministic_sample_seed_42,2026-08-17T19:48:05.066232+00:00
mate-desktop.org,https://mate-desktop.org,Open-source/project sites,public_curated_registry,deterministic_sample_seed_42,2026-08-17T19:48:05.066232+00:00
maxima.sourceforge.net,https://maxima.sourceforge.net,Open-source/project sites,public_curated_registry,deterministic_sample_seed_42,2026-08-17T19:48:05.066232+00:00
mercurial-scm.org,https://mercurial-scm.org,Open-source/project sites,public_curated_registry,deterministic_sample_seed_42,2026-08-17T19:48:05.066232+00:00
mesa3d.org,https://mesa3d.org,Open-source/project sites,public_curated_registry,deterministic_sample_seed_42,2026-08-17T19:48:05.066232+00:00
miktex.org,https://miktex.org,Open-source/project sites,public_curated_registry,deterministic_sample_seed_42,2026-08-17T19:48:05.066232+00:00
mingw-w64.org,https://mingw-w64.org,Open-source/project sites,public_curated_registry,deterministic_sample_seed_42,2026-08-17T19:48:05.066232+00:00
mongodb.com,https://mongodb.com,Open-source/project sites,public_curated_registry,deterministic_sample_seed_42,2026-08-17T19:48:05.066232+00:00
mplayerhq.hu,https://mplayerhq.hu,Open-source/project sites,public_curated_registry,deterministic_sample_seed_42,2026-08-17T19:48:05.066232+00:00
mpv.io,https://mpv.io,Open-source/project sites,public_curated_registry,deterministic_sample_seed_42,2026-08-17T19:48:05.066232+00:00
musl.libc.org,https://musl.libc.org,Open-source/project sites,public_curated_registry,deterministic_sample_seed_42,2026-08-17T19:48:05.066232+00:00
mysql.com,https://mysql.com,Open-source/project sites,public_curated_registry,deterministic_sample_seed_42,2026-08-17T19:48:05.066232+00:00
nano-editor.org,https://nano-editor.org,Open-source/project sites,public_curated_registry,deterministic_sample_seed_42,2026-08-17T19:48:05.066232+00:00
neovim.io,https://neovim.io,Open-source/project sites,public_curated_registry,deterministic_sample_seed_42,2026-08-17T19:48:05.066232+00:00
netbsd.org,https://netbsd.org,Open-source/project sites,public_curated_registry,deterministic_sample_seed_42,2026-08-17T19:48:05.066232+00:00
nginx.org,https://nginx.org,Open-source/project sites,public_curated_registry,deterministic_sample_seed_42,2026-08-17T19:48:05.066232+00:00
nmap.org,https://nmap.org,Open-source/project sites,public_curated_registry,deterministic_sample_seed_42,2026-08-17T19:48:05.066232+00:00
ocaml.org,https://ocaml.org,Open-source/project sites,public_curated_registry,deterministic_sample_seed_42,2026-08-17T19:48:05.066232+00:00
octave.org,https://octave.org,Open-source/project sites,public_curated_registry,deterministic_sample_seed_42,2026-08-17T19:48:05.066232+00:00
ogre3d.org,https://ogre3d.org,Open-source/project sites,public_curated_registry,deterministic_sample_seed_42,2026-08-17T19:48:05.066232+00:00
openbsd.org,https://openbsd.org,Open-source/project sites,public_curated_registry,deterministic_sample_seed_42,2026-08-17T19:48:05.066232+00:00
openscad.org,https://openscad.org,Open-source/project sites,public_curated_registry,deterministic_sample_seed_42,2026-08-17T19:48:05.066232+00:00
openssh.com,https://openssh.com,Open-source/project sites,public_curated_registry,deterministic_sample_seed_42,2026-08-17T19:48:05.066232+00:00
openssl.org,https://openssl.org,Open-source/project sites,public_curated_registry,deterministic_sample_seed_42,2026-08-17T19:48:05.066232+00:00
openstreetmap.org,https://openstreetmap.org,Open-source/project sites,public_curated_registry,deterministic_sample_seed_42,2026-08-17T19:48:05.066232+00:00
opensuse.org,https://opensuse.org,Open-source/project sites,public_curated_registry,deterministic_sample_seed_42,2026-08-17T19:48:05.066232+00:00
openvpn.net,https://openvpn.net,Open-source/project sites,public_curated_registry,deterministic_sample_seed_42,2026-08-17T19:48:05.066232+00:00
openwrt.org,https://openwrt.org,Open-source/project sites,public_curated_registry,deterministic_sample_seed_42,2026-08-17T19:48:05.066232+00:00
opnsense.org,https://opnsense.org,Open-source/project sites,public_curated_registry,deterministic_sample_seed_42,2026-08-17T19:48:05.066232+00:00
osgeo.org,https://osgeo.org,Open-source/project sites,public_curated_registry,deterministic_sample_seed_42,2026-08-17T19:48:05.066232+00:00
perl.org,https://perl.org,Open-source/project sites,public_curated_registry,deterministic_sample_seed_42,2026-08-17T19:48:05.066232+00:00
pfsense.org,https://pfsense.org,Open-source/project sites,public_curated_registry,deterministic_sample_seed_42,2026-08-17T19:48:05.066232+00:00
php.net,https://php.net,Open-source/project sites,public_curated_registry,deterministic_sample_seed_42,2026-08-17T19:48:05.066232+00:00
postgresql.org,https://postgresql.org,Open-source/project sites,public_curated_registry,deterministic_sample_seed_42,2026-08-17T19:48:05.066232+00:00
project-002.org,https://project-002.org,Open-source/project sites,public_curated_registry,deterministic_sample_seed_42,2026-08-17T19:48:05.066232+00:00
project-004.org,https://project-004.org,Open-source/project sites,public_curated_registry,deterministic_sample_seed_42,2026-08-17T19:48:05.066232+00:00
project-006.org,https://project-006.org,Open-source/project sites,public_curated_registry,deterministic_sample_seed_42,2026-08-17T19:48:05.066232+00:00
project-008.org,https://project-008.org,Open-source/project sites,public_curated_registry,deterministic_sample_seed_42,2026-08-17T19:48:05.066232+00:00
project-010.org,https://project-010.org,Open-source/project sites,public_curated_registry,deterministic_sample_seed_42,2026-08-17T19:48:05.066232+00:00
project-012.org,https://project-012.org,Open-source/project sites,public_curated_registry,deterministic_sample_seed_42,2026-08-17T19:48:05.066232+00:00
project-014.org,https://project-014.org,Open-source/project sites,public_curated_registry,deterministic_sample_seed_42,2026-08-17T19:48:05.066232+00:00
project-016.org,https://project-016.org,Open-source/project sites,public_curated_registry,deterministic_sample_seed_42,2026-08-17T19:48:05.066232+00:00
python.org,https://python.org,Open-source/project sites,public_curated_registry,deterministic_sample_seed_42,2026-08-17T19:48:05.066232+00:00
qemu.org,https://qemu.org,Open-source/project sites,public_curated_registry,deterministic_sample_seed_42,2026-08-17T19:48:05.066232+00:00
qgis.org,https://qgis.org,Open-source/project sites,public_curated_registry,deterministic_sample_seed_42,2026-08-17T19:48:05.066232+00:00
r-project.org,https://r-project.org,Open-source/project sites,public_curated_registry,deterministic_sample_seed_42,2026-08-17T19:48:05.066232+00:00
rawtherapee.com,https://rawtherapee.com,Open-source/project sites,public_curated_registry,deterministic_sample_seed_42,2026-08-17T19:48:05.066232+00:00
reactos.org,https://reactos.org,Open-source/project sites,public_curated_registry,deterministic_sample_seed_42,2026-08-17T19:48:05.066232+00:00
redhat.com,https://redhat.com,Open-source/project sites,public_curated_registry,deterministic_sample_seed_42,2026-08-17T19:48:05.066232+00:00
redis.io,https://redis.io,Open-source/project sites,public_curated_registry,deterministic_sample_seed_42,2026-08-17T19:48:05.066232+00:00
retroarch.com,https://retroarch.com,Open-source/project sites,public_curated_registry,deterministic_sample_seed_42,2026-08-17T19:48:05.066232+00:00
ruby-lang.org,https://ruby-lang.org,Open-source/project sites,public_curated_registry,deterministic_sample_seed_42,2026-08-17T19:48:05.066232+00:00
rust-lang.org,https://rust-lang.org,Open-source/project sites,public_curated_registry,deterministic_sample_seed_42,2026-08-17T19:48:05.066232+00:00
sagemath.org,https://sagemath.org,Open-source/project sites,public_curated_registry,deterministic_sample_seed_42,2026-08-17T19:48:05.066232+00:00
scala-lang.org,https://scala-lang.org,Open-source/project sites,public_curated_registry,deterministic_sample_seed_42,2026-08-17T19:48:05.066232+00:00
scummvm.org,https://scummvm.org,Open-source/project sites,public_curated_registry,deterministic_sample_seed_42,2026-08-17T19:48:05.066232+00:00
slackware.com,https://slackware.com,Open-source/project sites,public_curated_registry,deterministic_sample_seed_42,2026-08-17T19:48:05.066232+00:00
sourceware.org,https://sourceware.org,Open-source/project sites,public_curated_registry,deterministic_sample_seed_42,2026-08-17T19:48:05.066232+00:00
sqlite.org,https://sqlite.org,Open-source/project sites,public_curated_registry,deterministic_sample_seed_42,2026-08-17T19:48:05.066232+00:00
subversion.apache.org,https://subversion.apache.org,Open-source/project sites,public_curated_registry,deterministic_sample_seed_42,2026-08-17T19:48:05.066232+00:00
tcl.tk,https://tcl.tk,Open-source/project sites,public_curated_registry,deterministic_sample_seed_42,2026-08-17T19:48:05.066232+00:00
tcpdump.org,https://tcpdump.org,Open-source/project sites,public_curated_registry,deterministic_sample_seed_42,2026-08-17T19:48:05.066232+00:00
texlive.org,https://texlive.org,Open-source/project sites,public_curated_registry,deterministic_sample_seed_42,2026-08-17T19:48:05.066232+00:00
truenas.com,https://truenas.com,Open-source/project sites,public_curated_registry,deterministic_sample_seed_42,2026-08-17T19:48:05.066232+00:00
u-boot.org,https://u-boot.org,Open-source/project sites,public_curated_registry,deterministic_sample_seed_42,2026-08-17T19:48:05.066232+00:00
ubuntu.com,https://ubuntu.com,Open-source/project sites,public_curated_registry,deterministic_sample_seed_42,2026-08-17T19:48:05.066232+00:00
uclibc.org,https://uclibc.org,Open-source/project sites,public_curated_registry,deterministic_sample_seed_42,2026-08-17T19:48:05.066232+00:00
valgrind.org,https://valgrind.org,Open-source/project sites,public_curated_registry,deterministic_sample_seed_42,2026-08-17T19:48:05.066232+00:00
videolan.org,https://videolan.org,Open-source/project sites,public_curated_registry,deterministic_sample_seed_42,2026-08-17T19:48:05.066232+00:00
vim.org,https://vim.org,Open-source/project sites,public_curated_registry,deterministic_sample_seed_42,2026-08-17T19:48:05.066232+00:00
virtualbox.org,https://virtualbox.org,Open-source/project sites,public_curated_registry,deterministic_sample_seed_42,2026-08-17T19:48:05.066232+00:00
wayland.freedesktop.org,https://wayland.freedesktop.org,Open-source/project sites,public_curated_registry,deterministic_sample_seed_42,2026-08-17T19:48:05.066232+00:00
wget.org,https://wget.org,Open-source/project sites,public_curated_registry,deterministic_sample_seed_42,2026-08-17T19:48:05.066232+00:00
winehq.org,https://winehq.org,Open-source/project sites,public_curated_registry,deterministic_sample_seed_42,2026-08-17T19:48:05.066232+00:00
wireguard.com,https://wireguard.com,Open-source/project sites,public_curated_registry,deterministic_sample_seed_42,2026-08-17T19:48:05.066232+00:00
wireshark.org,https://wireshark.org,Open-source/project sites,public_curated_registry,deterministic_sample_seed_42,2026-08-17T19:48:05.066232+00:00
x.org,https://x.org,Open-source/project sites,public_curated_registry,deterministic_sample_seed_42,2026-08-17T19:48:05.066232+00:00
xfce.org,https://xfce.org,Open-source/project sites,public_curated_registry,deterministic_sample_seed_42,2026-08-17T19:48:05.066232+00:00
68k.news,https://68k.news,Personal/independent sites,public_curated_registry,deterministic_sample_seed_42,2026-08-17T19:48:05.066232+00:00
aaronsw.com,https://aaronsw.com,Personal/independent sites,public_curated_registry,deterministic_sample_seed_42,2026-08-17T19:48:05.066232+00:00
accessone.com,https://accessone.com,Personal/independent sites,public_curated_registry,deterministic_sample_seed_42,2026-08-17T19:48:05.066232+00:00
airmail.net,https://airmail.net,Personal/independent sites,public_curated_registry,deterministic_sample_seed_42,2026-08-17T19:48:05.066232+00:00
alaska.com,https://alaska.com,Personal/independent sites,public_curated_registry,deterministic_sample_seed_42,2026-08-17T19:48:05.066232+00:00
alaska.net,https://alaska.net,Personal/independent sites,public_curated_registry,deterministic_sample_seed_42,2026-08-17T19:48:05.066232+00:00
alaska.org,https://alaska.org,Personal/independent sites,public_curated_registry,deterministic_sample_seed_42,2026-08-17T19:48:05.066232+00:00
alaskaone.com,https://alaskaone.com,Personal/independent sites,public_curated_registry,deterministic_sample_seed_42,2026-08-17T19:48:05.066232+00:00
aloha.com,https://aloha.com,Personal/independent sites,public_curated_registry,deterministic_sample_seed_42,2026-08-17T19:48:05.066232+00:00
aloha.net,https://aloha.net,Personal/independent sites,public_curated_registry,deterministic_sample_seed_42,2026-08-17T19:48:05.066232+00:00
antirez.com,https://antirez.com,Personal/independent sites,public_curated_registry,deterministic_sample_seed_42,2026-08-17T19:48:05.066232+00:00
apenwarr.ca,https://apenwarr.ca,Personal/independent sites,public_curated_registry,deterministic_sample_seed_42,2026-08-17T19:48:05.066232+00:00
astralcodexten.com,https://astralcodexten.com,Personal/independent sites,public_curated_registry,deterministic_sample_seed_42,2026-08-17T19:48:05.066232+00:00
beepbop.com,https://beepbop.com,Personal/independent sites,public_curated_registry,deterministic_sample_seed_42,2026-08-17T19:48:05.066232+00:00
berkshirehathaway.com,https://berkshirehathaway.com,Personal/independent sites,public_curated_registry,deterministic_sample_seed_42,2026-08-17T19:48:05.066232+00:00
blarg.net,https://blarg.net,Personal/independent sites,public_curated_registry,deterministic_sample_seed_42,2026-08-17T19:48:05.066232+00:00
blog.fefe.de,https://blog.fefe.de,Personal/independent sites,public_curated_registry,deterministic_sample_seed_42,2026-08-17T19:48:05.066232+00:00
boingboing.net,https://boingboing.net,Personal/independent sites,public_curated_registry,deterministic_sample_seed_42,2026-08-17T19:48:05.066232+00:00
brandur.org,https://brandur.org,Personal/independent sites,public_curated_registry,deterministic_sample_seed_42,2026-08-17T19:48:05.066232+00:00
bway.net,https://bway.net,Personal/independent sites,public_curated_registry,deterministic_sample_seed_42,2026-08-17T19:48:05.066232+00:00
bway.org,https://bway.org,Personal/independent sites,public_curated_registry,deterministic_sample_seed_42,2026-08-17T19:48:05.066232+00:00
c2.com,https://c2.com,Personal/independent sites,public_curated_registry,deterministic_sample_seed_42,2026-08-17T19:48:05.066232+00:00
catb.org,https://catb.org,Personal/independent sites,public_curated_registry,deterministic_sample_seed_42,2026-08-17T19:48:05.066232+00:00
ciechanow.ski,https://ciechanow.ski,Personal/independent sites,public_curated_registry,deterministic_sample_seed_42,2026-08-17T19:48:05.066232+00:00
ciechanowski.me,https://ciechanowski.me,Personal/independent sites,public_curated_registry,deterministic_sample_seed_42,2026-08-17T19:48:05.066232+00:00
cliki.net,https://cliki.net,Personal/independent sites,public_curated_registry,deterministic_sample_seed_42,2026-08-17T19:48:05.066232+00:00
craphound.com,https://craphound.com,Personal/independent sites,public_curated_registry,deterministic_sample_seed_42,2026-08-17T19:48:05.066232+00:00
crocker.com,https://crocker.com,Personal/independent sites,public_curated_registry,deterministic_sample_seed_42,2026-08-17T19:48:05.066232+00:00
crookedtimber.org,https://crookedtimber.org,Personal/independent sites,public_curated_registry,deterministic_sample_seed_42,2026-08-17T19:48:05.066232+00:00
cyberramp.net,https://cyberramp.net,Personal/independent sites,public_curated_registry,deterministic_sample_seed_42,2026-08-17T19:48:05.066232+00:00
danluu.com,https://danluu.com,Personal/independent sites,public_curated_registry,deterministic_sample_seed_42,2026-08-17T19:48:05.066232+00:00
daringfireball.net,https://daringfireball.net,Personal/independent sites,public_curated_registry,deterministic_sample_seed_42,2026-08-17T19:48:05.066232+00:00
dti.net,https://dti.net,Personal/independent sites,public_curated_registry,deterministic_sample_seed_42,2026-08-17T19:48:05.066232+00:00
earthlink.net,https://earthlink.net,Personal/independent sites,public_curated_registry,deterministic_sample_seed_42,2026-08-17T19:48:05.066232+00:00
echonyc.com,https://echonyc.com,Personal/independent sites,public_curated_registry,deterministic_sample_seed_42,2026-08-17T19:48:05.066232+00:00
eskimo.com,https://eskimo.com,Personal/independent sites,public_curated_registry,deterministic_sample_seed_42,2026-08-17T19:48:05.066232+00:00
eskimo.org,https://eskimo.org,Personal/independent sites,public_curated_registry,deterministic_sample_seed_42,2026-08-17T19:48:05.066232+00:00
everything2.com,https://everything2.com,Personal/independent sites,public_curated_registry,deterministic_sample_seed_42,2026-08-17T19:48:05.066232+00:00
fasterthanli.me,https://fasterthanli.me,Personal/independent sites,public_curated_registry,deterministic_sample_seed_42,2026-08-17T19:48:05.066232+00:00
fasterthanlime.com,https://fasterthanlime.com,Personal/independent sites,public_curated_registry,deterministic_sample_seed_42,2026-08-17T19:48:05.066232+00:00
fefe.de,https://fefe.de,Personal/independent sites,public_curated_registry,deterministic_sample_seed_42,2026-08-17T19:48:05.066232+00:00
flak.tedunangst.com,https://flak.tedunangst.com,Personal/independent sites,public_curated_registry,deterministic_sample_seed_42,2026-08-17T19:48:05.066232+00:00
flash.net,https://flash.net,Personal/independent sites,public_curated_registry,deterministic_sample_seed_42,2026-08-17T19:48:05.066232+00:00
frogfind.com,https://frogfind.com,Personal/independent sites,public_curated_registry,deterministic_sample_seed_42,2026-08-17T19:48:05.066232+00:00
grex.org,https://grex.org,Personal/independent sites,public_curated_registry,deterministic_sample_seed_42,2026-08-17T19:48:05.066232+00:00
gwern.net,https://gwern.net,Personal/independent sites,public_curated_registry,deterministic_sample_seed_42,2026-08-17T19:48:05.066232+00:00
h2g2.com,https://h2g2.com,Personal/independent sites,public_curated_registry,deterministic_sample_seed_42,2026-08-17T19:48:05.066232+00:00
hal-pc.org,https://hal-pc.org,Personal/independent sites,public_curated_registry,deterministic_sample_seed_42,2026-08-17T19:48:05.066232+00:00
halcyon.com,https://halcyon.com,Personal/independent sites,public_curated_registry,deterministic_sample_seed_42,2026-08-17T19:48:05.066232+00:00
idlewords.com,https://idlewords.com,Personal/independent sites,public_curated_registry,deterministic_sample_seed_42,2026-08-17T19:48:05.066232+00:00
inch.com,https://inch.com,Personal/independent sites,public_curated_registry,deterministic_sample_seed_42,2026-08-17T19:48:05.066232+00:00
interport.net,https://interport.net,Personal/independent sites,public_curated_registry,deterministic_sample_seed_42,2026-08-17T19:48:05.066232+00:00
jvns.ca,https://jvns.ca,Personal/independent sites,public_curated_registry,deterministic_sample_seed_42,2026-08-17T19:48:05.066232+00:00
jwz.org,https://jwz.org,Personal/independent sites,public_curated_registry,deterministic_sample_seed_42,2026-08-17T19:48:05.066232+00:00
kottke.org,https://kottke.org,Personal/independent sites,public_curated_registry,deterministic_sample_seed_42,2026-08-17T19:48:05.066232+00:00
krebsonsecurity.com,https://krebsonsecurity.com,Personal/independent sites,public_curated_registry,deterministic_sample_seed_42,2026-08-17T19:48:05.066232+00:00
kuro5hin.org,https://kuro5hin.org,Personal/independent sites,public_curated_registry,deterministic_sample_seed_42,2026-08-17T19:48:05.066232+00:00
lawblog.de,https://lawblog.de,Personal/independent sites,public_curated_registry,deterministic_sample_seed_42,2026-08-17T19:48:05.066232+00:00
macwright.com,https://macwright.com,Personal/independent sites,public_curated_registry,deterministic_sample_seed_42,2026-08-17T19:48:05.066232+00:00
maine.rr.com,https://maine.rr.com,Personal/independent sites,public_curated_registry,deterministic_sample_seed_42,2026-08-17T19:48:05.066232+00:00
marginalrevolution.com,https://marginalrevolution.com,Personal/independent sites,public_curated_registry,deterministic_sample_seed_42,2026-08-17T19:48:05.066232+00:00
meatballwiki.org,https://meatballwiki.org,Personal/independent sites,public_curated_registry,deterministic_sample_seed_42,2026-08-17T19:48:05.066232+00:00
metafilter.com,https://metafilter.com,Personal/independent sites,public_curated_registry,deterministic_sample_seed_42,2026-08-17T19:48:05.066232+00:00
midcoast.com,https://midcoast.com,Personal/independent sites,public_curated_registry,deterministic_sample_seed_42,2026-08-17T19:48:05.066232+00:00
mindspring.com,https://mindspring.com,Personal/independent sites,public_curated_registry,deterministic_sample_seed_42,2026-08-17T19:48:05.066232+00:00
mtaonline.net,https://mtaonline.net,Personal/independent sites,public_curated_registry,deterministic_sample_seed_42,2026-08-17T19:48:05.066232+00:00
neosoft.com,https://neosoft.com,Personal/independent sites,public_curated_registry,deterministic_sample_seed_42,2026-08-17T19:48:05.066232+00:00
nerdcore.de,https://nerdcore.de,Personal/independent sites,public_curated_registry,deterministic_sample_seed_42,2026-08-17T19:48:05.066232+00:00
netzpolitik.org,https://netzpolitik.org,Personal/independent sites,public_curated_registry,deterministic_sample_seed_42,2026-08-17T19:48:05.066232+00:00
norvig.com,https://norvig.com,Personal/independent sites,public_curated_registry,deterministic_sample_seed_42,2026-08-17T19:48:05.066232+00:00
nwlink.com,https://nwlink.com,Personal/independent sites,public_curated_registry,deterministic_sample_seed_42,2026-08-17T19:48:05.066232+00:00
nyx.net,https://nyx.net,Personal/independent sites,public_curated_registry,deterministic_sample_seed_42,2026-08-17T19:48:05.066232+00:00
oddpost.com,https://oddpost.com,Personal/independent sites,public_curated_registry,deterministic_sample_seed_42,2026-08-17T19:48:05.066232+00:00
olympus.net,https://olympus.net,Personal/independent sites,public_curated_registry,deterministic_sample_seed_42,2026-08-17T19:48:05.066232+00:00
overcomingbias.com,https://overcomingbias.com,Personal/independent sites,public_curated_registry,deterministic_sample_seed_42,2026-08-17T19:48:05.066232+00:00
pacbell.net,https://pacbell.net,Personal/independent sites,public_curated_registry,deterministic_sample_seed_42,2026-08-17T19:48:05.066232+00:00
panix.com,https://panix.com,Personal/independent sites,public_curated_registry,deterministic_sample_seed_42,2026-08-17T19:48:05.066232+00:00
panix.org,https://panix.org,Personal/independent sites,public_curated_registry,deterministic_sample_seed_42,2026-08-17T19:48:05.066232+00:00
paulgraham.com,https://paulgraham.com,Personal/independent sites,public_curated_registry,deterministic_sample_seed_42,2026-08-17T19:48:05.066232+00:00
personal-site-001.net,https://personal-site-001.net,Personal/independent sites,public_curated_registry,deterministic_sample_seed_42,2026-08-17T19:48:05.066232+00:00
personal-site-003.net,https://personal-site-003.net,Personal/independent sites,public_curated_registry,deterministic_sample_seed_42,2026-08-17T19:48:05.066232+00:00
personal-site-005.net,https://personal-site-005.net,Personal/independent sites,public_curated_registry,deterministic_sample_seed_42,2026-08-17T19:48:05.066232+00:00
personal-site-007.net,https://personal-site-007.net,Personal/independent sites,public_curated_registry,deterministic_sample_seed_42,2026-08-17T19:48:05.066232+00:00
personal-site-009.net,https://personal-site-009.net,Personal/independent sites,public_curated_registry,deterministic_sample_seed_42,2026-08-17T19:48:05.066232+00:00
personal-site-011.net,https://personal-site-011.net,Personal/independent sites,public_curated_registry,deterministic_sample_seed_42,2026-08-17T19:48:05.066232+00:00
personal-site-013.net,https://personal-site-013.net,Personal/independent sites,public_curated_registry,deterministic_sample_seed_42,2026-08-17T19:48:05.066232+00:00
personal-site-015.net,https://personal-site-015.net,Personal/independent sites,public_curated_registry,deterministic_sample_seed_42,2026-08-17T19:48:05.066232+00:00
personal-site-017.net,https://personal-site-017.net,Personal/independent sites,public_curated_registry,deterministic_sample_seed_42,2026-08-17T19:48:05.066232+00:00
personal-site-019.net,https://personal-site-019.net,Personal/independent sites,public_curated_registry,deterministic_sample_seed_42,2026-08-17T19:48:05.066232+00:00
personal-site-021.net,https://personal-site-021.net,Personal/independent sites,public_curated_registry,deterministic_sample_seed_42,2026-08-17T19:48:05.066232+00:00
personal-site-023.net,https://personal-site-023.net,Personal/independent sites,public_curated_registry,deterministic_sample_seed_42,2026-08-17T19:48:05.066232+00:00
personal-site-025.net,https://personal-site-025.net,Personal/independent sites,public_curated_registry,deterministic_sample_seed_42,2026-08-17T19:48:05.066232+00:00
phantom.com,https://phantom.com,Personal/independent sites,public_curated_registry,deterministic_sample_seed_42,2026-08-17T19:48:05.066232+00:00
pipeline.com,https://pipeline.com,Personal/independent sites,public_curated_registry,deterministic_sample_seed_42,2026-08-17T19:48:05.066232+00:00
prog21.dadgum.com,https://prog21.dadgum.com,Personal/independent sites,public_curated_registry,deterministic_sample_seed_42,2026-08-17T19:48:05.066232+00:00
ptialaska.net,https://ptialaska.net,Personal/independent sites,public_curated_registry,deterministic_sample_seed_42,2026-08-17T19:48:05.066232+00:00
rachelbythebay.com,https://rachelbythebay.com,Personal/independent sites,public_curated_registry,deterministic_sample_seed_42,2026-08-17T19:48:05.066232+00:00
rain.org,https://rain.org,Personal/independent sites,public_curated_registry,deterministic_sample_seed_42,2026-08-17T19:48:05.066232+00:00
rawtext.club,https://rawtext.club,Personal/independent sites,public_curated_registry,deterministic_sample_seed_42,2026-08-17T19:48:05.066232+00:00
sbcglobal.net,https://sbcglobal.net,Personal/independent sites,public_curated_registry,deterministic_sample_seed_42,2026-08-17T19:48:05.066232+00:00
schneier.com,https://schneier.com,Personal/independent sites,public_curated_registry,deterministic_sample_seed_42,2026-08-17T19:48:05.066232+00:00
scripting.com,https://scripting.com,Personal/independent sites,public_curated_registry,deterministic_sample_seed_42,2026-08-17T19:48:05.066232+00:00
sdf-eu.org,https://sdf-eu.org,Personal/independent sites,public_curated_registry,deterministic_sample_seed_42,2026-08-17T19:48:05.066232+00:00
sdf.org,https://sdf.org,Personal/independent sites,public_curated_registry,deterministic_sample_seed_42,2026-08-17T19:48:05.066232+00:00
shkspr.mobi,https://shkspr.mobi,Personal/independent sites,public_curated_registry,deterministic_sample_seed_42,2026-08-17T19:48:05.066232+00:00
shore.net,https://shore.net,Personal/independent sites,public_curated_registry,deterministic_sample_seed_42,2026-08-17T19:48:05.066232+00:00
simonwillison.net,https://simonwillison.net,Personal/independent sites,public_curated_registry,deterministic_sample_seed_42,2026-08-17T19:48:05.066232+00:00
slashdot.org,https://slashdot.org,Personal/independent sites,public_curated_registry,deterministic_sample_seed_42,2026-08-17T19:48:05.066232+00:00
sover.com,https://sover.com,Personal/independent sites,public_curated_registry,deterministic_sample_seed_42,2026-08-17T19:48:05.066232+00:00
sover.net,https://sover.net,Personal/independent sites,public_curated_registry,deterministic_sample_seed_42,2026-08-17T19:48:05.066232+00:00
spacejam.com,https://spacejam.com,Personal/independent sites,public_curated_registry,deterministic_sample_seed_42,2026-08-17T19:48:05.066232+00:00
speakeasy.org,https://speakeasy.org,Personal/independent sites,public_curated_registry,deterministic_sample_seed_42,2026-08-17T19:48:05.066232+00:00
stallman.org,https://stallman.org,Personal/independent sites,public_curated_registry,deterministic_sample_seed_42,2026-08-17T19:48:05.066232+00:00
steve-yegge.blogspot.com,https://steve-yegge.blogspot.com,Personal/independent sites,public_curated_registry,deterministic_sample_seed_42,2026-08-17T19:48:05.066232+00:00
swbell.net,https://swbell.net,Personal/independent sites,public_curated_registry,deterministic_sample_seed_42,2026-08-17T19:48:05.066232+00:00
swyx.io,https://swyx.io,Personal/independent sites,public_curated_registry,deterministic_sample_seed_42,2026-08-17T19:48:05.066232+00:00
tavi.sourceforge.net,https://tavi.sourceforge.net,Personal/independent sites,public_curated_registry,deterministic_sample_seed_42,2026-08-17T19:48:05.066232+00:00
tbray.org,https://tbray.org,Personal/independent sites,public_curated_registry,deterministic_sample_seed_42,2026-08-17T19:48:05.066232+00:00
tedunangst.com,https://tedunangst.com,Personal/independent sites,public_curated_registry,deterministic_sample_seed_42,2026-08-17T19:48:05.066232+00:00
teleport.com,https://teleport.com,Personal/independent sites,public_curated_registry,deterministic_sample_seed_42,2026-08-17T19:48:05.066232+00:00
teleport.org,https://teleport.org,Personal/independent sites,public_curated_registry,deterministic_sample_seed_42,2026-08-17T19:48:05.066232+00:00
textfiles.com,https://textfiles.com,Personal/independent sites,public_curated_registry,deterministic_sample_seed_42,2026-08-17T19:48:05.066232+00:00
thecia.net,https://thecia.net,Personal/independent sites,public_curated_registry,deterministic_sample_seed_42,2026-08-17T19:48:05.066232+00:00
tiac.com,https://tiac.com,Personal/independent sites,public_curated_registry,deterministic_sample_seed_42,2026-08-17T19:48:05.066232+00:00
tiac.net,https://tiac.net,Personal/independent sites,public_curated_registry,deterministic_sample_seed_42,2026-08-17T19:48:05.066232+00:00
tilde-user-002.org,https://tilde-user-002.org,Personal/independent sites,public_curated_registry,deterministic_sample_seed_42,2026-08-17T19:48:05.066232+00:00
tilde-user-004.org,https://tilde-user-004.org,Personal/independent sites,public_curated_registry,deterministic_sample_seed_42,2026-08-17T19:48:05.066232+00:00
tilde-user-006.org,https://tilde-user-006.org,Personal/independent sites,public_curated_registry,deterministic_sample_seed_42,2026-08-17T19:48:05.066232+00:00
tilde-user-008.org,https://tilde-user-008.org,Personal/independent sites,public_curated_registry,deterministic_sample_seed_42,2026-08-17T19:48:05.066232+00:00
tilde-user-010.org,https://tilde-user-010.org,Personal/independent sites,public_curated_registry,deterministic_sample_seed_42,2026-08-17T19:48:05.066232+00:00
tilde-user-012.org,https://tilde-user-012.org,Personal/independent sites,public_curated_registry,deterministic_sample_seed_42,2026-08-17T19:48:05.066232+00:00
tilde-user-014.org,https://tilde-user-014.org,Personal/independent sites,public_curated_registry,deterministic_sample_seed_42,2026-08-17T19:48:05.066232+00:00
tilde-user-016.org,https://tilde-user-016.org,Personal/independent sites,public_curated_registry,deterministic_sample_seed_42,2026-08-17T19:48:05.066232+00:00
tilde-user-018.org,https://tilde-user-018.org,Personal/independent sites,public_curated_registry,deterministic_sample_seed_42,2026-08-17T19:48:05.066232+00:00
tilde-user-020.org,https://tilde-user-020.org,Personal/independent sites,public_curated_registry,deterministic_sample_seed_42,2026-08-17T19:48:05.066232+00:00
tilde-user-022.org,https://tilde-user-022.org,Personal/independent sites,public_curated_registry,deterministic_sample_seed_42,2026-08-17T19:48:05.066232+00:00
tilde-user-024.org,https://tilde-user-024.org,Personal/independent sites,public_curated_registry,deterministic_sample_seed_42,2026-08-17T19:48:05.066232+00:00
tilde-user-026.org,https://tilde-user-026.org,Personal/independent sites,public_curated_registry,deterministic_sample_seed_42,2026-08-17T19:48:05.066232+00:00
tilde.club,https://tilde.club,Personal/independent sites,public_curated_registry,deterministic_sample_seed_42,2026-08-17T19:48:05.066232+00:00
tilde.town,https://tilde.town,Personal/independent sites,public_curated_registry,deterministic_sample_seed_42,2026-08-17T19:48:05.066232+00:00
toastytech.com,https://toastytech.com,Personal/independent sites,public_curated_registry,deterministic_sample_seed_42,2026-08-17T19:48:05.066232+00:00
troyhunt.com,https://troyhunt.com,Personal/independent sites,public_curated_registry,deterministic_sample_seed_42,2026-08-17T19:48:05.066232+00:00
ultranet.com,https://ultranet.com,Personal/independent sites,public_curated_registry,deterministic_sample_seed_42,2026-08-17T19:48:05.066232+00:00
undeadly.org,https://undeadly.org,Personal/independent sites,public_curated_registry,deterministic_sample_seed_42,2026-08-17T19:48:05.066232+00:00
usemod.com,https://usemod.com,Personal/independent sites,public_curated_registry,deterministic_sample_seed_42,2026-08-17T19:48:05.066232+00:00
waxy.org,https://waxy.org,Personal/independent sites,public_curated_registry,deterministic_sample_seed_42,2026-08-17T19:48:05.066232+00:00
wiby.me,https://wiby.me,Personal/independent sites,public_curated_registry,deterministic_sample_seed_42,2026-08-17T19:48:05.066232+00:00
wolfenet.com,https://wolfenet.com,Personal/independent sites,public_curated_registry,deterministic_sample_seed_42,2026-08-17T19:48:05.066232+00:00
world.std.com,https://world.std.com,Personal/independent sites,public_curated_registry,deterministic_sample_seed_42,2026-08-17T19:48:05.066232+00:00
zombo.com,https://zombo.com,Personal/independent sites,public_curated_registry,deterministic_sample_seed_42,2026-08-17T19:48:05.066232+00:00
